id,views,comments
PBbK9um5RJ0,0,3236
BbeBju40t6s,3,24202
oDqU0ebWMew,10,6409
3QTfY_tOBiw,158,163983
ApDI1UTLcx4,34,35915
9HCmA08SiCA,0,9071
DLqKjj9IjLk,1,15697
-2VA8sLCYMI,1,3965
l8yHMX6tRxM,164,215190
wqd7uZnVeU8,11,33137
hNPF7BiQ1D0,13,61575
ft7upJW1GIs,2,3394
bGe4Rf-d0R4,0,1846
701aNZbN22o,2,1381
v18YyOhKWCs,1,4986
XsEV7BYKfic,65,243382
Sp6RcB_E46c,2,1249
Gp_rAh5YahY,0,4125
dtNZrC-U9us,1,1835
TmUFzjfZlKo,1,4977
PqH1rAPyiU4,0,3184
t2ARuOeEFig,36,5533
Q68FZSxlpIw,4,10985
crZs7DP7Jl4,29,202705
9Wv9EYrRkoY,0,8385
drR-Apvm0aA,0,4463
6mz2C0a1FPg,3,3847
8evbmceZBmM,13,22899
UkKltAeGKcg,0,1498
1JQIBuj4woA,0,2307
mqcctXWx818,108,498743
3X0oPzeMUgQ,0,2706
6F1Aa6k_Cz4,0,2351
2aa1nyKh0kw,0,1076
TSIDYxEf_vI,1,2569
xQC_zJdxeow,5,2317
sv1FnlCfdLE,3,1879
Gi0Isor6uac,0,2228
C7Q47CNkU2Q,0,8942
ikqxe1bGypM,0,1403
HfzZe281o9E,0,4891
dSov-9Vl6Cw,3,22043
2KmS4JKFBy4,2,8241
WCkJviD8xYA,1,11572
He_W-AcvH2A,1,1124
VswbZXWhV2w,1,1168
BDXfZ6nyfAE,0,2412
SaDQNFZ9yhM,37,5564
vcH32KVSl7g,0,5344
F9X6rcdjEdI,1,18211
78xmRnp-F9c,4,7496
o1NrVQWnxnM,4,2409
Fk2_81LmVu4,31,41373
BmVkHhvQj24,3,1618
1F39NxW0kIA,1,1776
1Lep2D0hkKE,5,23761
rxDdJLPSvTM,0,14536
4BGWLM_wbHI,18,24030
pmNDP0F4_S8,0,1748
8rklRK5Wxm0,6,74875
uTNIatgPt9o,0,1872
NHF4y78Xi1Q,1,1828
PykybOxKT28,0,3544
fRmVgX3AtDs,8,3353
ctD8FiT39mk,81,2314
0d1fponBOlc,1,2589
tnosvZeWiuQ,0,1915
tameL5e7a68,29,144758
ymFQH3Kmxr8,1,1248
8HkQnxEdb2w,1,6753
aFpMb671cPU,0,2345
oh8upjjEwcc,7,15864
ceSpp39vGJE,0,6283
l0R6A5KGf7E,3,6552
hac85nvd-c4,8,14044
GUwtd1Xc_LY,1,1416
u6d89U_GF80,0,1936
7LeowYQca50,41,238110
GvS-SvuD6po,12,92106
Dv1_yx59ihI,13,12817
pHj4VFFElTw,6,1337
JzTTyw7fTFU,13,47508
g8Hi4qODZf4,2,3150
jlWh9N75hDg,0,2450
VuVfNdPphNw,2,3115
bFS67HMmdWw,1,2203
Tg7nkMZ4aoA,0,2644
G-l4NEoBYqk,0,3986
Ro_ywuFUOpo,35,52191
bXZfAQGrSmE,0,6904
_hnhud2c_Dw,0,1689
TGFmgcMaZt4,0,1126
70h1L4IIjW0,3,7331
clZ0aI_iPuc,1,6686
qm9EbmXHHJQ,1,6631
tUbCRlmLJC0,1,2932
6qD-Hx0NY7Q,0,1344
bXA2Emcnotc,34,1354071
ZSUh37i6yAk,1,8221
qDDtP5U9n9s,7,8930
tx1mb_mB1v4,8,4525
Z8iC4eE1w0A,2,2771
5CcO-4iwc8M,19,20396
ncJreKuUXg0,0,1227
ABsHQvBnawk,6,6971
UZtPoQznTJc,4,21992
Lp-kc0eatjw,226,961917
KKHp_PkHSmo,0,3053
c46_qx1vbNQ,1,3489
NqBwVmw6Hx0,1,1811
oJr2QPigc0I,17,15450
PH_-MnO10n0,9,5830
OiYxx1Jp5gs,0,1351
4c3MIN2D_MQ,3,4659
xj4j58gwOsQ,19,19498
Y0aqFpuP0Jw,2,14391
5PKZQSAvfZU,10,5077
FjgLRumvYUk,2,17578
60PxktkOrgI,18,15263
6z4vHYVC634,7,4439
sPJ2hnzh0RE,13,3151
WN8pevEs5B0,0,2607
4ZDJ_pht_o8,0,8689
F4mwxe3Ve0g,0,6581
yuddK_ffRbs,1,1404
6KOiJ9IdQmY,0,2448
Rt4WEsykLXg,0,2375
5eiNJUvghJ4,2,3531
wrUE-sMYPyI,7,31545
jTVTTpLmMGY,0,1324
ebJKkwbWEAY,2,4754
vIMV3KkAGls,0,1628
XdfvUr3wzKM,2,1495
HPPVDxemjgU,23,82093
uoROhxecyC0,0,61949
oTks2UxEais,0,1906
yPJWhgXlfuc,2,1455
M4hk0cY-fS4,7,33578
Za76JCCo2ko,0,5082
ec202KLpYvo,96,614269
u8I-YmGJIJ0,2,1171
xCJotalCvG8,1,1158
5HNj0oeV-2I,0,5850
S0ZlhZIPeSA,0,7688
Kb2zQym9Ti0,113,712280
SABDHoqbEOQ,14,2512
nijkrDX-eIk,1,1981
YSeYATMgYoo,2,9013
FdMuUUpIU2w,5,4184
7TtRXDVwHOo,4,3414
My6JSqB096M,0,1256
b7GXraUmn_k,13,130549
wf80djmkj40,1,2994
PU6i66f09xo,0,1771
qbIHj9barhk,7,13040
JZM-Y1lNrec,3,6218
H-mHC6iGqVI,1,1500
X2QhgogXrvw,32,132492
-2O-vIo1L5Y,2,5686
WVg6iZdM6V8,0,1404
1sBORFIwapk,1,1164
KjeBLK4U24I,8,5559
lU7sd-sQcWc,2,13924
bsgkNUav9KQ,9,1863
e26DCp87nP8,0,2275
051U0bbFwDA,2,7500
vuZGxShFCZg,0,2617
82NNwTKcxSI,29,96641
ocdKrqTPKv8,2,2474
TCSI5Ahw0bI,0,5775
6fFBkJI0Ckk,3,4447
F1MnCDUovck,2,4177
ux13260R0NQ,2,12915
fRAoxzG22u0,0,1222
8eO-NlTvjn4,0,1643
b2l2dAYlnak,3,1773
OdPMgQypIAI,1,1433
F35caH1x6NA,4,5430
xd8FTwFV3_Y,33,18639
67BAFvUfJzc,1,4412
MiRkikhpZyY,1,1965
2uF13izup0w,46,133463
Wof4nOlx7yY,0,1866
SPtEbuH1xiM,16,12032
Bpl_AxvrZog,0,3098
nWvmamt_Mm8,3,1310
dlINe_NTGPE,1,7834
FxnUWZF18-A,1,1564
gPw_mMMXaHM,11,9798
qmJcowIwhSU,1,1978
8ug6VEJGcCY,2,16206
fcbKpg1cHEs,8,2169
egoJZ2bK8Fc,2,1861
jMWknVG4jVg,0,2290
VbhptyGrjmI,2,5081
fqPxQlWoocQ,7,11662
EDrH3QaVAI4,4,10008
ZpwvPkdZJU0,0,2879
NCQcBakJalE,2,4956
QAlEEL6DcIQ,1,2022
5tHo6yOYFDU,1,7981
2ukXvDNNJpM,5,10647
0PWMIXizGkY,2,3274
IuupRNg_Gb8,0,5881
KjDSTGMarik,1,7228
xAHdsSr9DZ0,14,9195
kX-V4cMr3yw,2,1190
92sPcYKaEIo,0,5624
L092qEclK4g,2,4503
U98I5nxM2aA,2,1484
H1gfb_jTDnw,36,248658
rYByJveSP_4,8,7036
IWGX6KU05I4,6,7452
Kx9jQffMaRs,3,41328
qfnJo9Vd8Ic,0,2826
GTOIbT1gwzo,3,4395
IIMZ2UuuZrc,1,3147
LV0Ww-BhP1Y,0,2638
_5nNu9X5N7E,2,1359
kCoogvlR9Cs,10,88335
xoFMifz0lvc,0,1880
QLUJGzrwSHE,3,2910
_FuDVM9MynE,2,11720
Lx78LBy4540,0,2346
67BBwUeG370,4,11239
M0I-UdkIlBQ,1,6496
7qE6ID2NsBM,0,1841
OpjfRCLPF4Y,1,1546
1EpS_zfS_Ro,13,12979
6VeVffrruM0,3,1899
K1qWNlhJjnM,3,1506
4YrU6fLewTs,0,3538
C6dBPZ__HiU,217,115873
r7f34g7jjfI,25,52999
uzC5iirpPws,0,1111
OgG3PjbQToM,0,2336
BM3cXgFrfl8,6,1026
SS9ga_hAQ9E,2,1974
xkl2vk0yNuM,13,38743
wrpiaSMIyrY,1,2567
9_xNgBdO1_g,0,10826
afA95TR7aZY,0,7873
yC_puzuR-94,0,1196
r5SP66zttWs,0,1231
m_M1X9BStbs,1,2255
I4bcxH4PLnA,0,1279
hRorhXao6d8,0,1933
LoZHGtJpZcA,0,3791
2KTu9YBzryY,1,11700
45kiWDEf2gg,0,5518
YlpkvAbkUIY,0,4726
zpfBr6VLbkk,0,1589
vOkt2yR-qX0,2,15536
1kzfH0y6v8A,1,2762
Y1ZIrQhID84,0,1586
gyiQf3T60Ds,2,4287
Z9gXY010euU,5,2554
nFaK0AM9pII,4,17227
hHpmCQVRg7E,3,11264
Gxd7OfLo6wk,1,1852
TY1R3FJSY2M,0,4522
yzoUGKk06Lk,3,3965
F68VUKtTxIY,1,8741
5YtyWcJIuh0,5,2104
ANvuGOx0soo,0,1046
EkkCLNNmDss,6,6291
j7mtqy4D2i4,0,1068
vyNaWT-jsS8,0,7169
w3rc6eI_bn0,0,2113
ZftrEy8vENc,1,2602
fpv_9KRPoo8,0,3001
qNBeaPAKE9E,33,29229
mhHxrM75WX4,5,7591
X79b1QVLGSw,0,2819
AdDyg5Mhulc,0,1526
Ybuq3fHjgAo,3,8279
1qlUqqMfVbg,14,138528
EOsELPEW6DU,1,1686
kkEprScQXu4,2,2231
NdRoAOOW1Ro,0,4169
S6fMZh8LS4k,0,2033
7y6Y8GE8U9c,10,9808
WvqFTHmeurM,3,2162
7z7XzCoxfAU,2,4273
aw3U7sa0hWI,5,226460
S7Ge16OfrCc,0,1575
DqcvhhHuWDs,0,1201
ogMdfT8qHBo,0,3172
zKQj1wezntM,0,3567
FKH_BK6hcQ8,39,19983
GCSwyOs4VCc,4,17692
ynxKdGyVArk,4,13010
JGtw40tS6nE,0,3702
_Rhs_dUu2YM,8,9170
DRZTgCd83iQ,4,41632
m3mp55URA9o,2,2756
3JbUjFANI9I,0,3874
7FPhpng_JCE,0,1083
igRO5yxvjw4,0,3109
q6dMaH3WzOI,5,1868
CmC5b1ht7gE,1,2318
Xhpr0ZN_wU8,1,2596
ka5UiAnXKZI,1,1283
E2U97ulN9rw,0,1292
EeiL2_buf_k,6,8357
PxAU-rF28nE,0,1190
_R5TiK50Kgk,4,1903
TzpAUvIEWPc,2,3153
yWNNYJTb5VY,0,1228
8kxuJ1FAdiE,2,4912
1Gv5x1IOO9g,0,3766
MPOdl62vqVg,0,3394
4nY5VAZKsn0,0,2790
VVRTbRjwz_c,2,1534
8mLCN8s4SbY,0,1496
QJ7u4DpzkzI,88,233877
fl-dkyZ0w9k,0,1311
pPjFc5DqHRg,0,1305
zbBhw5EOsCQ,7,18819
AHAWHl--tgA,26,229964
bI0Wmp0osZ0,2,12223
gN4p0qpcfd8,1,2880
c4oU5XbIXsQ,1,4575
w10_QDEggbU,4,16469
OBM71Wqu_IQ,2,5532
6zKxBtu7Wks,2,2127
2Sx1hZ6edn8,1,1440
3eWkAjzk_-w,1,2586
gD_55VLEwaQ,35,14262
Xbe7Cb3Z40I,7,6936
JrGrKv91MS0,2,3388
lgE_gVMRz8M,14,60982
f0cwvLUJuTs,0,1177
dOCTxuCWAXs,5,43424
tSnYx0KAYO4,4,2805
fTGud_TfqnQ,12,47311
meYKR_vhhlA,0,3320
dVWjVeZp058,0,4138
hQj41NAGvCc,0,2819
XOcodoUJFEk,5,15432
fSVZLl9qTRM,0,3465
GThc0sMvmVk,0,3108
dDrWbpKa53A,73,48656
LWyLvVDUOO0,13,9447
e5VVHrVgCsk,3,4370
VqySbeUIb_Y,2,10001
F-XaEB8gqmQ,3,5454
8rh0oDxdu30,0,3445
AMSaPpPQJVM,14,2183
mMA3mYG0s28,190,144634
FMIVFoO40Rk,0,1827
DgYQHxlSMYc,0,1799
KF_HiQpHb6k,0,1792
R_Esz0qXV2c,1,1721
9KOlM0sqWyU,9,13781
C83fegVfewU,1,1454
LsnVoCNUesM,0,1718
loTAD3siFCI,5,19316
yMlASUL0lzA,0,2862
hObhLTvIP28,41,1879814
CZoYtSaPtDM,557,360700
kaHDXE3zksQ,392,30861
RSuNaR3d7_Q,3,3406
vadMW5DcN1o,0,3921
Nk3kfIVA_NM,4,1092
CrceDiDLJr4,7,29254
xzkIb-U0JYk,0,3119
33x1zB4FOZY,1,11073
ESVblmXPu6w,1552,825635
ACX4rTrZVNA,12,2042
mbM2i_du2E8,1,2048
pWYTCiaYa3s,103,308400
393Me0tWaL0,0,11368
TeMMSEu1mfE,3,1363
ERrM2N0JOVk,5,4865
q3T-TMphy3M,0,2016
jeDK8HA5qNk,0,3830
zG9qVNVLVp0,0,1507
a53qELKlKy4,2,1989
Knn35bX9kls,0,2189
1o0MDeAOUuE,10,2779
V8VHaLatxy4,0,1330
1yiGEf3wDfE,36,130700
L18ygbW6PI8,14,27596
OSsVqOhpK9E,0,3120
Ye4tfK0FpHc,0,1809
rItC-SsTYUs,0,8877
lQD-kDz8Nvg,0,2430
cqjb_3JfCtk,46,738211
WcVaZf1qbJo,1,4372
kAzCwiISMPI,0,4246
9jPPp_Mymco,49,2008643
U0SAZQFYCHs,4,4736
lc_aih3bgek,5,3143
D3WbBwaJJkY,6,19836
JyPKNxtwzwc,28,111039
KEk0c4P1Ql4,0,1610
wJJ_V3rw0jI,4,33048
YJGBz_H6284,1,9396
gHvUM3RiGiM,17,2943
rUgGYsxnkEQ,1,5326
ZNb5UbeuvP8,48,2452968
HhiqyeWLOwU,18,601863
B-A_bSgynKA,2,1535
i_GajFdGqn4,1,1560
NbPMRXnyCjs,2,3521
Hj5j5m2vg4Q,0,8386
ED5ZLDjh9i4,1,1183
efQ5UTYATkk,0,1526
PU55LsCj4VM,12,3818
PKODjqyAbzs,5,16826
ZYzyIKTrR8s,0,1913
cfydEncqqic,0,1196
bOXI9qqsI2E,0,15948
rfAhIMlxWsI,2,8395
VvcoUkXSWco,1,1146
OBZ_3reCJj8,0,3423
WQApY1nkDiE,0,3514
3hNAdEDEJBE,0,1349
zcNk8-hs5jw,2,41648
HFsspDqGjUM,0,8422
hAbmGXTvYJM,7,7890
bEsQjg_wdR8,6,2949
nuWuszn7J9A,1,19783
ncqw2SL_Rh4,4,9616
vsKA0wZb3WY,4,2191
F0Hw_pH-jdQ,1,1394
rAm94dQyqsQ,2,5029
YzWioozGwjw,0,3008
tvN4TLSnFUI,7,3956
a-Px4Tycv7I,0,2148
TRC_ABY8VWc,15,22017
WIaU-SVQ4OM,0,5400
AvGjpopFYaw,3,2728
CKZre5spP6c,0,3603
aejj7xRKSwY,12,149239
MiFJ5MuMYKU,0,1760
8835cCQmTYM,4,21981
394RKg-6wJ8,1,8987
sN2U5KiB6uE,2,11220
s8JoF2hAKXM,5,84876
utXXKXUOQpo,0,1498
At2kJmnzE6Y,1,5986
BjRjQQWjKiQ,7,1089
3yWazDzf73M,0,1624
9knn6WiSpXw,0,7217
L-dgAoINtoM,1,3352
9vsNkOgR9MY,0,2331
LGttUb8QhjA,1,4047
sfG4a8qBWso,0,1732
4Z7jbaQuTFw,2,1738
_JORoS_cYZI,1,20576
Gdysrqbg5bo,3,5508
BWaA5yFw1yQ,30,141508
dWfY0MsftVw,3,3423
dk0ZBMq9NwU,19,5035
M_z6kPacAzA,6,2967
wushD_VlFV0,0,1436
auMby7ok3qY,1,1154
73JeEkfJrjc,0,1195
HYs-RgG5xnE,2,1823
DxmqYE7oSlg,3,5613
D_WFIumCdSg,1,5627
4XXkmQP1gAE,1,3265
yjfE-dp1boQ,22,49977
bTPz0gu5uxo,4,4232
P2hRmi-gQSo,25,78705
f8I4ZdSGSIo,0,1611
8-5pOnz8seU,1,6284
7mKUveGHz_U,90,60936
Fecqh2CnZ-M,2,18472
Mm9jIAPTU3Y,0,1510
xw3DHIplYvU,1,2172
Z-M4xYIC4wc,1,5160
nXGvg1FSyCc,8,5107
8kOpciW6nHk,0,1619
0skaZM6Yn4s,0,2322
RLvNp57CClM,1,3229
3RmZpEefCcA,0,2275
Km9v-kZv3Zw,2,4670
P6LyJ_bTciE,0,2193
dzlvbAm9jCU,0,3390
MlPT-SeLUjE,0,5955
tKoWfwnkwMM,220,109299
5iKMsM-Lj1E,0,1825
_r10QGejmQo,11,2694
FKVzmFXK96U,5,2293
v4VjikYsx7E,1,4028
Mw2iImZq2Mk,8,24101
kiFdUXiRP_k,8,1232
Z21RcuyEu3A,4,10935
yDZgrlUYWMM,0,2693
0iN3GfBUuHY,3,2403
IItV40PyDmI,3,7353
H_ENz9kjJFg,8,12783
9dC43hQ_mZE,33,6691
fcv1K7QsrvI,25,168633
gQIPKYsi3uk,8,5354
a8CfDs47NZY,0,3441
sZNNczG2MXA,0,4260
8HHXzL392pM,6,109406
zQIG5c0hkkQ,0,1493
PhLBNT7tyNo,15,1556
uSLA-66IH8g,10,3948
3g9QxrH7flI,0,1383
H1raGk1qI54,11,47268
k_65f4WGOYY,0,1293
pC2uZ5D6jsQ,30,31629
wWtNKUtP2vQ,8,40460
qmhgaiBjM58,0,1598
zjoMts0OByw,37,22399
ucMy_naRNgY,5,11967
ZdxITMK4wME,1,8693
btJirYz2Ov0,1,2163
mjdoW1J0Gi8,0,1465
vVnervtNa5E,0,3481
OuWmRkBJ7BA,2,19163
6wk4I4VNCxE,6,5411
RHDIR-c6UmI,0,3658
mCu-gwMEEAY,0,1322
KEMWyO9KsGU,0,1738
J4XHNpBDTq8,8,5006
DlHfGf-6Qas,23,31368
NBHdhz1eR2A,0,1160
wDPaKay5aBg,0,7201
kMXDg-9oCw0,4,7124
8QI_ODKhlQo,7,98504
jCqGeizYdvc,16,47621
j3NZgViiViw,0,3477
S54fz7p9sPs,5,9869
ZM8cbDDxjt0,2,13662
KEhQmGVP234,0,1234
EVd_9a9m5sw,12,9580
Mn3ki_Q8duY,4,16728
Avs8Y0jACg0,12,120643
uiDYeHpuQWI,2,2320
IxEYELYCPfo,57,11724
IOdrtXW9k48,0,2310
cmsqHMR7-iY,1,1912
52EM8lgQDLI,0,3897
nyn_IMX6UKE,0,1269
gdjtW3ymdU4,0,7158
cYhA4UaKLCk,12,3475
QeBw4dE-d3k,0,2385
CD1HYIc0QAM,3,3906
mNLzu_mdWNQ,0,1628
Rg2ZInjs8bA,7,28852
I50CVt4PP9Y,8,8583
Gsa3oF_Z118,0,40661
xWQt3af4ENA,0,1193
gkU2niFsMnY,0,1820
T6WZKs6iRaM,0,1202
IzJCoOnSAo8,1,1042
Mbw-Q0mSjZ0,0,3527
2orP0-dS9Fw,1,3927
JV9Abaz4ydc,0,12864
jPW8_zLQXtA,50,25391
HjTIi40gt9o,1,9139
ZV7T5sGZBwg,6,4323
A1du6ujyqOE,0,1864
q68Lunl9TBs,8,31779
LLJ0tVed6mw,0,3969
CoJyRCP3CXQ,0,1458
1oKmi8ifBqI,6,7338
UJpXcDG1E7A,0,3479
lNz9OycyxRA,1,1453
Ggqh_-2TXrs,0,1180
GG9BO1GQtFQ,1,3734
mLCnXQhB8q0,0,18903
dxPRngczqz4,0,1688
tI3kgiypRso,5,16570
C_chtdXRH00,5,158752
gnyYWv_xAwg,1,1931
EraXEfo2a9g,5,12613
ECMdqZUkMwo,0,2434
A51SKZes7Ug,2,5992
XHGjLPZ388Y,5,55289
VTuUBEdPpKs,0,6001
eiuzR5bFjF8,19,2441
CJjz4RMHQas,22,29374
D5zil9iZciQ,1,1606
K00wTqZdtWg,0,2135
If0ZLM9_ogE,27,2720
7wJ-yk-TaYE,54,534847
iTInZhv4ZyE,39,196056
D7isK0_-oXk,14,8992
_6ZFbKqTOoA,0,8455
nai_ObAkcGU,4,1991
HJ-ZlCWhqJk,4,5664206
7q_ghXaSRaM,1,5021
1BJEFtURgnI,0,1752
tvM1mEur9Dc,1,4913
NB38s2mlTsM,0,1868
bcM61nYYUNM,0,1585
CGeb0HSP-aY,0,1566
W64dUaiBKhU,1,9663
fOJXFcYqHhQ,0,1239
w6GzFb7tRtU,222,226422
bnhHs5nQFMs,1,1188
QaJ9V6TyLTM,0,2490
pMhAVle7czE,0,3118
E2H0j5jXz8I,5,8422
0UoWXLtAhRs,8,56185
5i7tywhozYo,0,1238
PUbDRuASIWs,0,1095
yxH4WZ1HiZw,0,1197
ruDIvWBY47U,38,45418
nOLBhuxkvEU,1,5571
yWklV3Ykbuo,0,3761
xSke1U26608,14,61231
L4WMApuXZuU,25,12788
Kt0gopVMqBc,10,3872
Nan0BKFlxJA,3,12921
fvNZt_lndG4,0,1182
qGrPrihzJqs,15,1453
ztxkx3gGRSQ,0,1849
jBP5QYqibVY,3,17524
i3WgJl_ihn4,0,5581
OLpIZ1wEaCA,1,2106
3C5zorltKm4,4,5454
SBm1GkoOshc,17,46342
pVUh0KjvxFs,14,22777
LRvvxTM0Os0,0,1731
aiJjQ5PWeUI,0,2667
3T9USqzl1vw,3848,1174698
PpqKbxxlYUg,0,1126
IFdXDojS-W4,1,8232
MYhr7MmNoY4,1,1508
wl_9VStK5cs,0,4470
J0o1ntkWwRE,14,118123
FnrYAyDV24U,0,17970
ZPKZngGfF9c,5,1382
hnKwV5iVdUs,5,14591
H9XN6F05uD8,0,1419
v-7LL9aiq1A,0,1883
NVLISYeCqJ4,1,25838
94nMW3xYKtI,39,167282
H5r2QbKX0Z8,0,1618
vszZzULwGUI,3,25325
DB_rVDC68PU,6,1222
GAVdst3NPbA,41,11146
QZTova85IFQ,4,4991
4RCfZe8B_70,5,2537
a6GMpq4HqN8,11,4228
_dwayd7Pe2k,0,3944
8FB4CJ_Igfs,1,1213
2gm6Qmb2sxI,3,5943
MntIoJzq6C4,0,2115
yKdNVo81Q2U,5,1880
0CHoBqcXt7Q,5,7614
99Ucnm32Wp4,8,14542
PIwAkVzBuUM,6,15830
MSzAo3aFFLA,0,334731
5p0_xv_dulI,3,7826
bajB2VLqTuc,1,1587
ujDAiODEfYU,2,80334
MF8EGWx8OXQ,4,3214
X6GJwuDYWjo,1,29765
H4OGHG1WRy8,1,2709
kFrEbq1IAuY,1,2965
ISSgwUqK640,0,4273
FTsWje05sRU,1,2382
8kVp4utTmXs,0,1273
fWwmy2a15UE,1,8169
eHeZhOajTlY,47,1496518
bzZbKREbcR8,5,3219
49n9hA_5krw,3,7787
OVCbQmq6UTE,0,2919
vqhtI9TjF0U,2,3788
ntXJU4I1pyE,0,2109
Ld5Ise363s8,3,7690
LZGHuL9z4Xk,0,3916
dnL-jEw9m2g,0,2483
FhGmyl1YxyE,0,1583
nalBTKZhXaU,3,11798
OD3ZgvNHBf0,2,1691
HckGRfCWMwo,0,4709
TgjYiwPEgFY,72,41354
9SkNK5wi6vI,73,538195
b1lrIiAnnKk,0,3599
Pbxs6dOHBDo,4,380814
LK3EXkA5Vjs,15,2318
OK475H4la9w,5,18510
2mACiPSybeM,41,77343
ETug9Djc2Xo,0,1090
OhiVYC1byj8,0,2524
daKlrN3qsIQ,2,6571
9Nng1B2yCV4,0,5424
vU1fMDw7FIs,0,2353
ihHzuJHlZEI,0,3509
DffNd9dyU_I,13,59925
teAplx2DTYg,0,2432
ct2VBmIZLl4,0,8491
SWUC9tLwUww,0,3276
8kYn7joKoiI,0,2695
gKidHSAx3n4,4,4066
TmclWya3rHY,0,1308
0_kWgRL3rrg,6,12362
UTuwmON8Skk,0,4055
GNmJyvkpns0,7,37499
kBqYr3RNydo,1,2869
Ge6pXDKMzSs,4,2265
sg5KugXyBO0,28,15204
j5ehrJagU9w,1,3000
6iPLvmYmMkI,3,2396
ud9IoOQviN8,0,1455
PTJX8X4a304,2,70362
pxCqmHujvUA,0,3606
MtcCyCOhTMc,2,6093
eS6E_BEtSgE,38,3279
YD1PVdpUgDY,0,2770
MA4j8j87IQ4,1,2785
G9WnYUobaEI,11,3690
lHhUEKH3cnI,0,3626
1BLj9qoCIBw,2,11138
NNWrVvzRkZc,0,1378
R3fabV9ujPE,0,5077
BPGW9r8ohpM,1,11013
vx-gLhPKQDM,0,2159
BIcJoSKEiTs,1,3191
RFeBfMaxVkA,0,1097
HtQ42UvBu8M,8,25306
5XXXgwXorNA,0,1221
FV45XXSpLEM,12,2059
FTUyDObQ30E,1,3234
PNm9syGerqI,0,7490
4Qi3m9bJA-k,2,2481
fjOzbhDbPd0,2,1206
k4TBkOMe2Mw,1,1935
DMNdbgZUgk0,1,2326
tJ_-Y7CFo9c,1,4300
n7e7_UJZ4T8,0,1354
KyjALd7qJG4,21,5781
srNPoVpPTCY,4,8366
RPKK6LvnApM,2,6568
h_c-eamyS_4,0,1717
gy0F33FR_uw,4,11418
GShtKSmu1TA,0,1500
R0hgb6uEkjE,14,67200
kPHNRpFNaTg,0,4029
pBFcmmn-aJc,5,20198
miLEh84LSrw,0,1307
tIWoViZ67xs,1,2685
zpv3SkmNbeo,42,93759
4dNLHkhy8PA,6,5867
7ZdvUTpQiUA,0,2260
sgrlC828yRo,9,2517
TUqaWwTojLU,1,1881
vqmJ73_8Nds,3,7774
iV7dRUtMayI,0,1142
M0T60FrravE,2,1296
q3vPCHNTQI0,14,18299
vCdcutgo0GI,1,11790
qEA-cn1NYIE,22,239724
PEAZ8CytBxA,0,1192
V7mxVGksbgM,0,1565
OfQ8C2bJbA8,0,2032
1gMHP-OY5xs,910,71823
vIdN_enIdDE,4,9732
RxDckIEM3NE,6,27898
7LQe53_GS1Y,1,22501
JKmevgPOnwA,38,53741
7ZuuLzi9LNk,9,20716
WjYxV64YOQY,2,16843
IgvhqowH1Fk,17,36727
ZBLWHZthsgs,44,2397867
SDCEfiy6dq0,0,1449
YA56zZQD7HM,0,2571
gHZKnvd6F-M,83,8237
1PIF5XGdcZg,0,1474
AS5H5l2weNM,5,6808
fZpLZTpZeMI,0,1843
h9NjI4DyjWY,0,4219
pGzyKdIUmts,0,5402
Xv3pj5GreW8,0,12886
ptxbhLj4DKg,0,12465
6mDdDbp4bGg,2,3302
aUwUOLSPHdI,27,131182
gZ0CxAwP_J4,18,1999
wD8cMrnbZ6Y,0,2368
X-Ri4yL4hQM,1,2713
UJQKQCMuCIo,1,1522
SQghf6SQRRU,6,9940
DbRAwwDTHnM,5,3164
23gGkAWEIbU,0,14792
qqvIq4096po,0,4603
HfMOnPQ0Wng,3,1470
OwYa1O9Y0bI,0,1645
dt4xzZzZyMk,5,6480
kXS1C4c7HiE,1,1901
bytVSGKsfHs,36,134976
k2p78seRBjc,3,6464
zsBAbxO1y8o,6,284009
vCx_MrzT1_E,4,13949
V2JfF1YsZRc,0,3517
zgPtgOVdxf0,2,1483
Cg1wCxnOquc,1,1905
h6QmKpsS6S0,0,1277
euxbFcYqmSg,1,1456
UGOB6GqnsIQ,15,18967
tifoQknA754,6,21186
DZy4klbRDNM,27,2754
XYR1vQPamo0,0,1663
FN6FVFt_eWI,0,3740
gv38w7w8vpY,0,7806
mH0qakES2B4,11,27219
pTGUfS5zBLw,0,4205
UHcijRqrGgo,0,2325
iDzaeRykSDM,3,1893
HHnHwLkK_9s,1,37279
278g8iWlEwI,0,3527
E1rBIjgjXYE,0,1852
XOzXVAyQN2w,2,3065
8nsWoyQWyC0,6,11846
pljYm8_4_cY,1,3561
fCRrMNUKbMY,0,5043
YsJokvVYqKU,4,2115
4o_GODMDfm4,13,15456
NpheGZvd0cY,0,1103
Iq8Nl-WEutc,9,1642
g11vRqv7nak,1,8141
ivzlx_Jc7Hs,0,1324
KzhtqDSPCU4,3,1475
_eqrkh3M_9Q,5,6858
mUsHHjNQQmc,6,4457
VuPz6Apd6XU,0,1446
KVHm5dFXlGQ,0,6133
7Vqvia77sIk,0,1758
uiLDQ4J2CjE,4,2558
DEoZt2es1KM,0,1681
zjuHfFp-jTM,1,3871
RDwcsDX757U,1,8516
66MYe8OUUyQ,0,9677
Mg2hVB8llcs,5,3467
Z6cyMbbgIPU,0,1702
KYNv_MZGECw,22,21420
cIagi5TADb0,2,2631
81TVpD3t4Rw,1,2020
OT5PxCsSbsM,0,1792
FiaI4aciWoQ,0,7340
s2JSEKi1Eto,0,1098
_pCVmSZ41Rw,8,17280
CqRkIoyDE7c,0,2423
CDp3n_XOVmc,1,3977
ticOg9NwhVU,2,34664
9xtBWDvqhqQ,3,1340
UMuo4pBVukw,1,4809
DqPopqaBkDo,0,3973
JgsrnUH-KHU,0,3499
tQ6rrUyF11U,0,2494
VNVnuAhBrOs,16,85470
o-TBIVZJkTo,2,2417
hLQx8tczrG4,0,1155
48aChwOGLMc,1,1638
DqIvG8rpt48,3,9657
H7ipaq9tm-I,1,3230
rbupAtSWkNA,0,2617
U0rItrPsgUY,7,13250
ZnrucqtpT1Y,0,2131
zO9mI0VhQGs,10,6456
Te553Zaip2M,8,7988
q9xk8jBTsqQ,4,11483
SWYqHX0hR7I,6,6036
R4h_YZdja8g,1,2833
r78PMqqxH6o,2,1845
crmXHDQAe2Y,0,1174
tcKoWfp47UA,3,3942
_6vk6eypr9M,4,7153
c497CerLsl8,0,1192
j_9B-2a21Rs,84,1373392
YppUDS099nw,0,17988
G-mOukHFyKM,2,19902
IQSEOrRIaTw,0,2276
LcikxmUhHks,4,4162
8QFTQkeI0ko,0,2585
ZMQ_5tq5rIc,0,1985
uQCWyctLqLU,2,3966
nWD5YF4BO50,61,374201
xPNi1QRfdIY,20,96617
oS7wxXJN0bI,0,5698
N5cOQ-0gNkk,4,6340
11vOECq9llE,3,22182
KizT8lKQy3A,0,1531
deDq64dBC8Q,0,2230
1bFrpIxRzNo,0,1877
07mOyoweYvM,5,4767
vuWCc4jQREY,0,1391
KWpfIJSyQzE,8,4197
69zmg572TTs,6,2716
dQpg5eoDdJM,0,10436
UJe87aNHmZI,2,6160
5eMA_F9No90,3,8423
tTaOXqHC5fE,25,73983
IP0FJqClc84,0,1391
Ml3rdNebUIQ,0,9362
y4M2zf-L6CE,1,1570
Il_-Kx_7K_s,2,1512
w7w3vwa8YvQ,1,2211
ABThPx294GE,0,1495
gBrPmXdVlXE,12,19356
rD_8wbK3qkc,62,775276
lhTjEAO-gfI,2,1398
HeoRIv2D3IA,1,4687
RotDgsSO7ik,2,60730
e6kRAtQ-UaI,6,7280
LbKP-Lx4Wbc,40,11797
VrFPo-0Kn1E,2,2990
V8ohcOAXM6c,26,18448
At1Q1jVBSDU,1,37705
bN6RJuq6fKk,0,4355
Fupvg72jCWM,1,6740
NPCRV6C8PTA,8,28471
DvZsVj5KwXM,0,1503
rukGbf5hdVU,0,21404
jsth29fHWuM,0,2185
VOIZbTXjKlQ,5,3709
EYYwzuprP5Q,7,2328
F6mRyx0WnPA,3,4779
31iIQg71vFM,3,1713
9_cXXrfeGHY,0,2082
W2-wofLF98c,10,11294
ZnFEYoO6qJU,29,2711
bYYYlIJ-pdY,2,2707
QCek8KkId-Y,1,9145
DbJEyp6NMw0,1,5188
vafVu57O95E,14,10949
BUjx24cBZO0,0,1971
Lu7UOn2TYFA,4,7655
LMMDNHdC73M,0,1352
pcK58giFKWM,2,1365
4JXwNpycrU0,0,2684
_qZFvnOYvYM,10,67272
Eb5oW6S9GMU,0,3469
okpVDARUzX4,7,6139
sc-jw6bmYNQ,15,1551
FRNAnpCyt40,1,2193
bgyVQyovGhE,3,30635
gYOV3InBh8A,2,2166
i4jjYH_SpfM,3,3711
nY-Qa6yg56Q,11,6264
sm7lSGycvtQ,2,1872
qKsRNW1_ziE,3,4203
VnR3DG5-Z60,59,131480
CSlZ3lOW7fU,1,5664
bF9GqZcPvDo,5,10852
ymK__6OO9qw,2,11593
IMuxWDIAjD8,2,7650
Alwk_gOjDIo,3,1283
FsBa9daF4oo,2,1915
aMbumQp3ed4,0,1755
q8ISRQEUo7M,9,1519
awfOOqu6n84,0,2158
BkgPijPpCD0,0,3511
p95f43cQLCE,0,2481
2MLjX9p_2Go,5,8124
rERUR51kH9g,19,56159
Ebayb7_9NOo,0,3374
k5UzRwg_qOE,2,1891
lZbCJk5BJk0,10,24647
t7kImCsv3Xo,12,9665
1XAdc7zhukU,6,21662
PPfHlrqWQno,29,84497
GtD6UBef6JM,10,38931
Nc0sQqR7E1E,4,2685
zRSlwr3oU_A,0,1670
uKIDcBjiLfg,3,1630
filjPL-oosA,1,3583
YpZz8hRRm3A,0,13607
h8pKdEU1VwI,0,5643
fyH6WRY1z6c,3,2249
x5NRJxjOPAw,17,105220
Wxn4LPbkVrQ,0,2977
t_qY571hlyk,3,4816
io0VVrvW1cM,4,7300
OQvEqVprOd8,0,4932
t_zRMqkz_bc,3,114090
EnPJ3V4p9p4,1,1444
T81J5ebgUI0,7,1527
qH1TbP1tE4c,0,1204
DBbek03n2G8,0,1498
0zKg9yutHxA,0,4388
5iACsEnRJIA,1,1619
zs-F74-od2s,0,2332
MaqXAnmQzWc,0,4148
16QU9vmiksc,0,3042
uLAG2N5Mgqg,3,53912
gEAPjSdemjM,0,2012
LEpg_q4ZxlU,11,150011
GCTC6uzKO5Y,0,1678
BXIIOjIrXWw,8,9074
bH_rXsHJmKM,22,74430
YWIA4DnaGqA,3,9710
3kBbuWRg9-Y,5,7250
vatKeN8_Z0g,12,26746
lrAzi3hPAsE,2,3773
O0NIe6ywlZE,9,17362
E5l8RpiFAFk,300,11426687
mQ3ulNen_oM,0,5980
P595bhp45mk,1,1463
KYhUJHb5ROg,4,3964
6rBhtZTphKU,0,1989
s4g8fXCO3cc,6,2495
pwYbImGSbSg,1,15930
NrwCaZUQkGI,0,2251
0-X_r7YfKyg,11,4259
EE-fBtiVeWc,21,1936
DBtjEg4C16o,1,9134
zdbX0jpPuJA,0,7298
xvaRK7BndqM,3,1733
LF7z-YriPko,0,5488
Yg0QR79UP5U,1,2852
vSVxNrElEE8,3,3918
0ASj-PXYdjs,11,6065
WU25hg1TYT4,1,4076
72SJ6HzffOM,0,2047
ouuDmHaS27g,5,14977
OTTwGfuIRqk,2,1591
G59ceYHUMAg,6,9801
Y4Cnrss_yg0,2,7010
h_KY9vCLSAI,61,228760
0FL3uRFI0z0,0,1524
DNnqF_lYFhk,0,2252
tm_IttdSr8Y,0,1277
0PkFBLscWVY,2,15605
Tg20DY-0yqM,3,12791
0JE8LmL2QA4,3,7965
nHU0K1jSuu8,2,3723
Vly-9Xzj12s,0,9945
OWWT8KploIg,1,3426
42ZQZtziQZI,3,1151
P-M7TS4G6bM,0,2342
MBVe_7yRg-g,8,16492
zr7URuvscto,0,7277
5HPv_lD2Ais,0,1530
DtrH5pMQjZA,6,5313
y_ZwFn8p9lM,34,3505
F5qZKmY_CeU,1,1592
nV043OkwxXI,0,1433
Rzp65eYNjv8,0,7316
38qvgXhnruQ,14,3950
arjEjGFMEHU,0,1589
cOpfSFuwEs4,4,4352
t6Ek1D511K4,0,6199
KSVSB0WhCh4,10,28921
TgzDxXIo2ag,1,2121
TKtKfMtJF1M,0,1760
PGCotUCfVAk,2,16441
yqy4Anb8K7E,0,3431
9UHZNRHQRAI,17,4071
6ET0m_29yjE,0,1786
YRdK4IRC7l0,119,199934
GlyLfYFYGng,4,1632
SgbTp2AE8w0,4,2194
zQ-XZnRvDgI,2,1604
xUG0eGmB4RI,15,2469
QClc8DZ13lo,1,10193
D8WmNs4z-wU,1,4421
vDCLEHzX_98,0,3564
JlADwk0pp2U,6,5119
BWwElq_wxog,0,2154
JGFz8x49Cmc,16,54399
9rlghYMtbFY,3,4333
NePJbnZpy9U,21,21545
8-dsryE2ojc,1,4319
HZ92SdH-f9I,0,1482
0FDcq-u-jbo,2,3673
pM1uJYynOv0,2,1627
G8kU8UBTUg8,1,6057
K0JMivERrGE,1,1354
wApypcjUeh4,0,9293
2sZ4mxoouTE,3,27198
8k4pivmheZk,0,13019
T_yuePZWNQs,0,1695
yJ6WkcIptfI,18,33174
Tj4VTX-KnDk,1,1979
HDF4zKMaJZU,1,1730
bTcfkpUNSME,103,274182
HbfKnjXzhbI,0,1111
nlbLIpni9kc,248,2058104
0bmYgLKJkpM,13,20314
Gdb0F-Tr5LA,32,18100
VMYIl0BnEnA,2,1893
OMZKppgUWYk,0,2031
qUJWdLNH1ts,1,2107
yaCtLvnwJ0Y,1,3990
MDAIOR81AmM,1,2242
HzdMgSiS8qs,37,5031
FKEki6D6-yc,8,19745
XkylusIRe14,1,7261
xFKDjx0nKkU,25,56600
A-3RgfDX3h0,0,4723
QowGVP4zU2s,0,1125
iM_CJ-MQPZw,0,2829
MYzMZj0_9iE,5,3580
BOjP-UBzPJU,0,3607
OBC59TSwLh8,0,1525
yRnqjiDDb8U,0,2025
VtZgWXpDIZs,1,1364
Uf13n2Ua2Dc,4,5252
BAR4p1s7EGI,4,2945
tOETTox3oOA,5,2651
915tUTnNmmQ,2,3899
0k9TWmkdobo,1,7017
CyWO8Nu_Cwc,1,9680
3AuK8Mn8cKI,2,8698
tvNu4FSyrkQ,0,2376
UubMRIPQmZk,5,2528
75prn_jB47Y,7,23784
7WENHyZ8bnE,0,3219
CMhvedbxGFM,0,1427
TXxpZ0Eb6xc,379,326128
YbIMKw_c9FI,0,1384
1MOKv-McPRU,1,1315
NNnawEc-4Iw,0,2829
FrdwjYSF54E,12,89297
yF1QVERJx8g,105,5410906
zugUzxakvkI,0,4609
vcoJWzuSmHg,0,6484
BejTOPfa7m0,11,7770
cJQtrsNaJnM,0,1992
9seNywrkMDA,26,31231
yfBs4eTI02o,16,10564
WVadwfDh2K4,1,19976
mz4Oq2D9Edo,4,1874
YpKncrgvmZ8,33,31773
ZWg7Vzpod5U,191,419924
jQsisbMAgIY,0,1338
OyfRPI7j6p8,5,16664
1XBEhD5mwhs,1,2155
4B-msfca9YE,2,2512
iulIIU-4C0k,2,1377
oKZW3wGdWPk,186,92658
zX0WxHii2Ik,2,2529
DqJPjxCeewc,1,4781
l_0r5aukD5M,44,182795
IhZWs2HgYrQ,3,2178
zg09xNiTy2w,0,3218
qPaQMQZ8qac,2,8293
nj1S086e9Zo,40,179192
8rQ_HvCTa1s,7,27647
cgfr10yR25M,0,4858
9sKBlW_eY6g,17,2760
UqkfUU9q0t0,0,1428
TYhp8J34S8I,0,1655
utlhqfZj-s0,15,1943
f8oyM05kNfA,11,6542
86S6mMjBXow,5,7193
pg6zr2yTTNk,31,1088613
6dtzwyCKsnI,72,126536
jKwMLhfOCRU,0,1510
PYeMz_x3dsU,0,4253
vY-EwLk7_X4,1,1661
mAuCeQFi32w,5,5731
Cx91Z5R4INY,0,2125
1v0v0dr0H7M,0,1211
dDMg_-Z9N0I,31,34429
AD0WFoWnxfQ,1,3569
g3kBwFrcGaM,1,5762
ivLrRvOe09I,1,1326
UViPXtBll2s,7,6128
nm3anvPk408,7,3494
t6uVi45JFVQ,4,2283
1Un3vNvdsIo,4,28348
Q1K3f1CMnRY,0,1495
mWl6vthF6OI,16,2293
FpKvcYHBCJM,3,2874
Mhlnui0B6Qo,0,11404
i0uyda4k_ko,3,1263
B-9s6B5Xbn0,2,3211
ArnJuSUq_Mo,18,27156
jTMEy23Tt6g,0,1520
ro-f9S1k1Xc,0,3992
coyPRDPWqQ4,7,389417
jIX8jp0eggo,16,1309
4FGAHLLCNMQ,1,2357
tlRIE3E8B-M,0,1623
h7WnMy6GvpE,0,4663
3yEkKQCeXgk,2,1432
BZdv9DzDYgU,9,73148
T3nZIklDNe0,1,5002
hSqavqZzvOQ,0,1596
FqNpGSBJNTo,0,3136
Zjb8rgIeNX0,2,9554
jRMJy_K07qw,0,1431
ZUYkI_jZ3W4,0,1645
gDeLYvV7xmY,0,2617
v7J7XQcWpbU,13,27702
jVH3yYLQ4Fw,1,7332
5jeqrzaiqyQ,0,1559
Vs3fVtVPIHM,0,1721
Apywk5xOVy8,0,1271
rr8z0apa0R8,0,4999
4FZWTFqtUXA,9,1164876
62oGVykFOdE,0,2585
Xx1XFqnJMwo,2,3477
Ft3KADLEgp4,11,172664
26rDTf1VnwI,2,1581
DIBCUfDQDSE,3,5552
GUPpkppUFvM,1,1731
r6d6xQMsX80,0,4340
bCAEjey1R2w,1,1950
nnEcFQgl-jM,0,1372
MDDqkMqJihI,3,3799
W6wBSCz8hqo,2,1096
VfgbZzO5PNo,6,7696
uzqnl9xUxRU,30,95264
ppoQ_WC8JOA,19,68170
bI5pYHeau8E,1,29782
6y28NXRvk2E,3,13647
hW1E6mUVn-E,0,2204
eRP-YXTPGqI,0,10315
TSAWyxN9vl0,0,23437
nL07zMCfQAc,0,1257
Y0Vi21DR_EY,0,3731
L3qNQKzr9G0,13,4420
dj7NaqpojuM,2,1816
C6O5dGBA8y8,1,5763
Onm2Ix0dW7s,4,4291
4udb5IccL00,2,19482
1ow80Ue8fzw,8,2885
g5_cUtKt5AE,0,2243
GQ9h7nennMg,64,442353
dZMEAxnmb0E,0,2229
rPMv3ELiI0c,1,2119
Q8u-VZ8Yp_Y,1,2484
sBZtgVsFI-s,60,2629
s08PwFteDfc,2,4546
UZjD1X_U920,8,21830
NAm47gEbBEQ,0,1776
OHC86BEro7Q,0,1456
EWqklx-0Rcg,1,11047
RZ5zOVjztc8,0,8043
HBVzwlSUIHg,0,2068
sMsh7IDAeYU,0,2083
yZDO-tDQWHs,26,25656
IwFgC9kx8rM,16,1707
G2Ii6q2NZSg,7,9987
G2ulsRwHs6g,5,18147
DjuIzybdQik,17,22762
Pd1OF8pwhT8,2,2002
vZgtfJM2hR0,2,10339
pHcEeAwAEro,0,18745
_xceXsmIdZE,0,2714
LY5guc9GW88,8,3782
KJN7qnSHBX8,0,1159
_AAyVyUdmOo,0,1512
u7GvweD9jsc,0,4203
xHxutJCQCeY,65,150591
VJHJm7vfWMA,1,2607
AS_Q3vyA71I,1,8250
uBVSTrnYsl8,0,3490
8zMMET3TnN8,0,9567
vzofAlD0fv8,0,2882
Goeu6UI5AqE,0,4031
aLveZFZCcmA,0,1930
5x__aFLqUQo,6,5653
mxHJQnktKMU,0,3555
aXbpU_OvcNk,1,1403
hjD1vxeliis,0,1282
9wYHN_8SxRg,1,24792
bukcblFut3I,0,1211
jaqWbG9TDqU,0,4051
Do8P9lSNF-w,2,1149
e0Vbb9j15_0,4,3156
KYFqSzDi4Js,18,4638
lKnrpkAfhMg,0,1873
52jng3sHAkU,0,4893
Oy08iSaS5mY,0,1750
WkyUHEJd-iU,9,67619
tj4fKnJR4Mk,0,4304
82EE98SdlZw,3,1484
NeLJvzZWjNM,0,2932
XQkUV5M-NvU,0,1536
aNnGh9qeNPg,3,7653
6M4NUwgoTxM,7,1419
4_-XpVYu1RQ,22,7125
3ZB_4dI-_hQ,33,53852
56sjW-uuqC8,3,5070
OB4ISO_RPcU,0,8592
KKN2xJS0PnM,7,6531
pzUg1xLCxbs,4,3072
o8O4HKnH5aQ,10,2039
rLm7E381Q6A,0,4916
n0z9-JdMIVY,3,98242
qlU3wssOcns,8,13780
MqqM6Fn121U,6,7933
RUAFX52mw5A,0,1985
DnXrLgSHojI,0,1309
B_7WSuT7JE0,11,2398
Y1oh4niykLo,19,8282
2GAUEk5w1Ek,0,3554
YbcCVnvn8g8,0,1499
EkdACwrcNzY,0,1874
OGZfBWkCD48,6,22429
DbDNpQ1DAYg,0,1257
cSUIgNClNPc,0,2118
8KftSdVh5-Y,1,3270
4JOvgcrR-NQ,1,1362
UVsFQoH9zrk,0,4977
zfSpDN39SRo,0,3175
a7rhTyDCgbE,2,3088
uhRbd4HZBLo,0,7619
xjn7VD4Zx-Q,11,50365
4uSB8SSwni4,1,1789
JA2w8O_j670,75,136786
K5bK18n2d_I,123,214010
EiVh3vkSVGM,0,1508
lWTPXlG24ro,9,2267
qdfbM-zhtcM,6,29834
UQylLpz-BTc,20,76076
bW6l5PU0OYw,1,1141
5pvnJH8sleU,3,2865
NB-644vfplo,3,3512
rOcpao6Mr_A,3,2576
IR3sVszo9Io,1,5974
d87YtVEUniI,3,4863
j-9V_9MwKBw,0,1229
1MeNdvhkUSE,2,28739
wMkn_Qytywk,40,45724
kukqtlvcIgY,1,4554
YgwsELyfBEs,1,2204
9htMm5f-5cA,5,20462
LH5unUtFhpk,0,6050
8cm74fDN03k,0,6485
4zJVbLmuoNw,0,1695
WiHr3O-tcNg,2,1875
3pFss4dT2og,1,4612
d4GouvJPVeo,1,1885
FcmRNbCieXk,0,1377
tssZ7ZbG6c8,2,6094
wwnpq-K2EUs,2,6695
mqt_pOQpUKg,51,188655
B25CqwuEGxM,1,3506
HuPGQsbKzKM,383,7610677
6wANPArSm_Y,63,2099665
h9vXCAxIVS4,1,5124
8TooBgXRgSs,1,5764
LMvzVb5vzOQ,1,1797
bQytFZuIBiw,100,303299
AVuFORf7NuU,10,5792
3MR1GSMKvxQ,0,1165
qX-izqMSRtY,0,4576
Li14iEr9ynE,7,6587
4U7N9ImdKY4,3,28329
IlIQjkuyEx8,0,1535
6OwTKUD4UGw,2,18781
405vuAT2cg4,0,2277
zSyK41rr5iA,4,11685
8MNpVhlpQus,3,11314
Kd6jQEd96T4,0,3277
Dj_P5lY1HwQ,0,3830
38fviJZS_rQ,8,1400
FeoUItmke8w,3,16347
cvSOuN1pwtI,1,1819
vyaANBWh4xw,2,1416
rt-PmFpBnIg,0,1729
8EvcF9SqMpQ,4,9044
U-Jyv4isnHM,5,6502
Nc9_cgNaBo0,5,1823
0A5DspFHh30,0,3371
FNqbidJg8OY,1,18710
tildTJ4WX6o,3,7228
rvJ-QIYW-sY,3,7574
wyFDayJMito,8,27812
_MG8u6O6ZOw,0,1736
C66KekMcM44,4,1211
8Puo438iE2M,3,8512
sj9dwLkGfWE,211,92623
SZAHZRZhLIY,2,1969
2I79zsGC094,2,1721
5J206L90xzU,5,2791
q-dsWHZ_ToM,2,6180
781UGUIVzGY,0,3210
uk-dhbr3kkM,0,2329
iCYNQbjsbGs,1,8448
HmbuOeh5kpc,1,6620
IGkl_OilzQc,1,7489
RmNvhOHYpdw,8,7137
dKH91fO-rJM,0,1260
CK4gWsrVhrs,0,1983
vAkg5jqemhM,15,3290
2Ucp-VNxZuI,41,12309
s7aF_SuvlBk,0,1715
Phty-9iIIJM,0,2426
52vkMYxr08w,0,13426
AeTBKsJYSFM,1,1171
UVbJADuJVww,2,2061
h1L-EVNCqoY,2,3673
nfWhuEtRRRs,1,2562
HgSfISadmR4,0,2055
iEPCzM-ci7k,4,4121
6wsizVbtKBY,0,1269
A495ryafJo8,1,19016
oxe-Q5roW98,12,17537
Y2EQTdBLOlM,6,4717
gVtkJMwwK6Y,1,1427
B8Mp9tzKEX8,1,2706
Uex9Kc_ODI0,12,69934
uqfgOoy8T7E,27,16917
jE8x3EwdBpI,0,25243
dt0vMMd8pdQ,1,2098
Isuy6mDrhK4,3,10624
PNUGJDKVqRU,2,3144
M2--qCakhxU,2,7138
TasAIUxLYKE,2,4453
JuA1I30QMsM,0,1852
JRV_xOpQx1c,2,8294
RN0jJoCguCc,1,3951
QkH9b-a1uSQ,1,13621
5-QWJhQcEfA,0,1659
LYkInhQIc70,4,4535
OdZlS0gZiQ4,0,2406
0c2uVxTltjc,0,3522
IgUS4D4Va1c,23,2970372
VqwGafC1OEo,1,1390
1GpAjwhgOvU,0,5790
h1bnhU6HndE,2,2887
9xQHaBzrbBM,24,126738
EMpXmSHsg6A,11,28282
Wb8XoZXrWoM,0,2770
5K3oAUZOBXY,10,5822
FpTPy9x6dEE,1,3311
KU3KIckGpdg,1,2521
Wbj9YIde0AI,1,2171
tlnmGS3wMUs,1,10426
fGQh2vJnImE,2,2909
_tJ5GAQeNVs,5,15074
jfC7zapHw2c,14,33081
c5kjQWDo5YM,0,2374
onpAbdhr9U0,0,4205
396fOZsCZRs,0,3424
xd6B1Za3Dz0,45,234340
ADUylbV3gBQ,8,14593
77ePcK9W-IA,10,21265
k7hnx5tU3Dg,24,5410
4DmlRoBXhc8,0,10674
SWr6-1AWmW0,0,1999
mVf7TWau3Ls,0,7591
WSqlVof7lhU,1,1210
dZowdJpy8VA,12,11720
ZoeOCYVcc3E,6,2509
C5Rheldx3k8,3,10383
d7TEov475BM,0,1248
isXOpKhMjvg,2,1778
SPoCn3R11Nc,14,107721
upIXT-EUMVk,0,4079
G3hpMdpwIy8,30,108518
CCTmuiO-4uA,13,6477
BDJsoPJi1YM,0,1107
yqBex2jogAI,3,3245
gOegq_fROPQ,4,2624
0PUF7WQ5j58,15,3500
gsOwbWov8hU,2,1414
_zLwUps05pY,1,3665
l8AXTleZfgY,0,1340
xo-n3j5cUoU,3,2733
rXSCmtRNDyE,3,1555
dv2BcSP7HLs,6,8071
Qs23i8Jrt0I,5,20486
LcUnnfXdMUM,1,3039
OIGETjcmYS4,2,7221
PtRL0lIlXBg,0,1214
DXIi4SI2Zxo,0,2542
AHbBAc2ArBk,1,2214
rPyDFyu-HBI,23,22443
g4vWwFQwf2Y,0,13130
3P_hsaiNyOk,5,4082
HDmy3Ekf_vg,6,95910
26eE8kTRjYE,1,1895
Gb2FRpJDibs,1,2279
6U-G9ZF_0-c,0,1295
LlydzPOCPGk,0,1013
uau5UN9f1hM,5,2602
8nTpO5r-EpI,2,1671
KXek6ptPtu0,1,1161
7LYP-_WB12o,0,1704
spu6smPiJBA,0,3032
a_79J1sjtH4,1,1163
r8n-pLKJJA0,0,2555
fPTq97YWwfM,3,1991
FfcGgFWT4Rc,7,9139
RR70QdN5F7c,2,1495
Ey6nlY0OfL4,0,1727
qiUGDHdhSfs,0,1576
Hs4A1AzuKA8,0,2798
6LK-UM9ZCnw,1,2209
QMwgUHUtHgg,0,3911
cm9jC9xhV-E,5,49477
MyH5PhN9mgg,11,85619
94UATKTuCFc,1,1479
jI4O2-mUssk,10,7924
IngjBZLyFiA,0,4915
U-7EQL6Yqt4,0,1250
9G5EPK4P7Ws,8,9573
oBb-HMokJbg,3,23319
Awnipv6ZAJw,9,9737
MPxhFV56q40,0,4122
XPaV2MxVKOU,0,1319
ftYiUTs0g9E,48,169272
Pm-VQwPX5dE,0,3535
Up0Dw20RfFs,2,2139
gRy-i0PxeLg,0,1270
digkDpj-ONk,9,57277
8Z5UltCo27Y,4,2154
1fodpzi0RuM,2,8883
szXLoE7O7R8,0,1663
JudH491REm4,2,2553
88kaaR1R71w,2,6449
svqg_06xUNk,83,94865
0fB2lc9giqA,8,1729
UWCffsjf-qs,0,1623
q9y3kbTxE1Q,2,5037
7qTGhzuCnN0,7,5342
YJVSBjBl5eU,3,3561
QnTexdbLdXM,0,1983
B2TujmOXVko,0,2928
dakTGkx5dhI,1,6181
p-8J9L4tLoU,1,1507
ZWB8fBYaBQc,20,9561
YgS2kJp2kd8,2,1578
pA86UW8Y-0M,88,143900
KkCqUUplDOY,13,67081
LG3xigRusws,0,1390
Li34TzH3u-4,4,16847
nrPmJ5xmq9A,5,2557
V7mckY_o8F4,1,2107
7SnV8u_lq-4,1,4566
YjsjHWqKBWA,1,5765
NMlfmzJS6To,1,37723
waPpbdy1tXs,2,2309
CzOz2j9T9rw,2,2551
VOU02DfTme8,6,2527
1bS6mb2FgEM,0,5058
8xxHjpplXSY,12,23777
D3Vhw97K4sc,0,5157
pbq1lpzhKtc,6,5329
catDmmtbExg,0,2691
FhkAolcpgmg,16,129157
V9vcwY-FbTw,1,2309
znBzpRsOmDQ,0,1780
Uew6IBUFJ6U,12,79446
vIS-TqWxe7s,0,11489
x7MOLNnOBxM,12,25294
8e2So-N5hvI,35,12596
AXyiHX7J-N4,1,12931
fl3n86OUKnA,8,30350
x71damEuRt4,0,1634
l5EIhFiaDPE,0,2096
GV2-4JH0H2s,15,20392
bm77eRRLkDE,7,36446
HJYMsvjKCy0,0,1681
iEG1ueqT_CY,1,3887
lb6JALWiBBg,19,146328
g-Fm4xrNcUs,15,225303
D4FIeNVVCV8,15,2644
7pwQzk9uktg,24,472489
Guui5pPmUeE,4,2380
nlo2I8Csrk4,244,206564
Sz8ZJ5xuX5A,2,3457
sjezCQYwpQs,1,9773
tKMtLLErZFM,1,1146
db_wRdJ9ncg,12,9984
Ik94hqoDcmU,16,31548
529-3N0SDPM,5,1396
YCX_pbcIu1U,1,1769
1WvIKTLpIuE,12,3361
ZFjs0MsUms4,1,28598
I5s7JDdYEaI,10,17301
yS1cbKYH0mY,2,4678
GIRwlSY8cBs,24,48132
g7himQy9G50,0,2098
w5qielogvio,0,5400
REreiMfTJGU,3,11886
6WuNbfTcQgA,0,1164
dBgxpYLcWkE,0,1610
aKa6sxBzF3g,0,3190
2bIyNeeEXkY,0,2377
774QO2Wkrsc,0,1478
Fa2cvvrDHjk,0,11129
TSng5LBt-GI,3,2980
U1YF20dv9gQ,1,2185
8PIBcj1Pq2k,12,46792
K9ncWgjJe7I,5,3166
EV_tGrA4zYY,1,6537
DWXjneVdpCI,0,3327
ID5GKyWVpKw,22,135978
_391as5cLxY,0,2870
wCpMQzXmAyk,96,229430
NRwGzCRxRPo,0,1448
TPOg0wDbB4U,0,1959
HzoYx8UVMv8,17,9788
z_H5MIf-4f4,1,6274
RMINTfGREb8,10,5323
2YuQtaKMMnY,1,1518
_U9Jvmm_x4M,23,74315
zqcEra0ABjQ,0,3855
Q-5P7u5SGEI,7,2138
dmrjrCgswO8,1,2790
9ndaqocvRyU,1,1754
aTCyyqS9-X0,3,8751
cOwrVFecZKs,1,3569
uMGuiv2SYeg,4,11399
GHj6SptVddw,0,3113
sxTzzWAmy5I,0,7888
WULdt6cLelE,32,47440
sv-z1yhVdGI,0,1129
iWwmoGSwajc,2,5027
VFeYjG5LQtE,2,2067
zPErodpOL5M,2,13436
QDdwbcdKdJ8,3,10041
WQbSvFmaKUI,1,3203
h0iW9V50BF8,7,1902
JIMtTvDrGBg,3,3365
5_8G6Q89MO0,0,1072
yNPJhuJuC7o,1,5008
I_ze5jjlENs,4,5680
3pW2_ccFzCc,0,4275
1NkfJWwP7oA,185,634299
wTvIfYsExYw,49,53539
x8so6w2jKDk,2,2431
sWw0eZxarao,2,3839
Xhu8SHuFAvk,2,2665
D-oKNC1IQ14,1,4240
MDLf8ZoQiRM,0,4822
UVO-Ev-KF0U,33,2351
jofy75Vu4pg,0,3571
QC2Pvn8reus,6,910355
zwNB5utklzQ,0,7127
gHoRW-Hr4Tc,1,2952
819LJLWf8oU,2,2911
MAznpPJIWgw,4,2537
LyopYBwVo-s,11,6636
kKDT-eSHa5k,0,1386
QIc30n707qM,10,27103
x8CEzAO_ZXE,1,21543
P2RiOFR8LH4,3,83404
zuH73eDBoIo,21,8748
y1AT64suFoU,1,2928
zXm3cgU17Fk,0,1438
9FsNA-F2R2M,0,3031
_ogawUkdAE8,5,12690
BZqeQiTH_pI,1,3343
SW3NVLWEQKw,0,2194
QtOoS1DZpAk,1,4709
CR5fGF4TYHs,0,2716
Ry2a2t5mlwQ,0,3426
RxClhmNFYzk,4,7743
SJTfvv0jXvw,1,1407
9UjI83sTJdA,22,22266
cE3nqvt3FaY,0,2819
mE92AoI5YCc,2,2768
aRJpySly3DM,0,1542
POKOAQbfvnc,0,1923
CkNN7JH0Oyc,0,1276
r_FAJ_fSLHI,0,1349
FIkApz2yhD0,1,2193
NBebXzMleno,1,11674
q4c1NsYyr1Q,0,1622
UfjCfTtKl4I,0,6361
ybP4oX_E2Cg,0,2458
avoGUTJ8oBI,26,34924
VRVq1FV7tb0,0,6416
UMJIbtu7jY4,1,1826
qA5F_HI8u64,16,3319
3Tq0sPY3_hE,0,4519
P6v2wd7a_jc,10,28507
qBZfC7HJxYY,2,1811
lsGUpVkXXuE,1,4684
V9qyWfxx4MY,5,17828
weY_Rq4w7Kk,1,38399
rCLqybjExOY,2,6834
KFZqxSR7Q6U,1,63784
OCCA1w3Qb1Y,2,1740
Sk8VUlWzCG8,2,1800
arGfRc92-sk,0,2686
tkHv6Joss_w,2,2100
N_Wlpy9eBC0,1,1511
iAvSwaBRREA,33,129110
yM4kB_rUw9Y,1,10511
7IEYoVx4nQs,4,18392
Kt3xHn65Qms,0,4642
n0cv1SQd7Ak,5,1863
gBIiSUZTbXo,1,12330
4bGomz-6U6I,0,1928
4E7u2Pigjhk,6,2067
AzkpI6gucRo,2,3008
ElyGfuhEUsU,3,3734
8S5zKJOgrpM,0,8226
SLPrwhCbnXo,2,3286
sRQjMf9N7H4,0,1789
q5RARLZMXso,2,1592
8G3AoWRzNzg,0,1632
b2Pmrca9ypM,16,11935
FnQq8w8yC1A,0,2380
VN1ANcg737w,0,1779
FOWtE4tfNf8,0,1916
ZqMUTKf2xkE,1,1073
C1aPqmufDN0,12,95496
XBwItsnRSrg,3,3273
yQbGgJNBhns,1,1128
uaZkEBySD08,0,3477
bvpcXPRLUhc,3,60769
v-Diast2bXc,6,14464
73AFK6wBFFw,0,1192
5zAkEXHGYp8,0,5486
0qdPCdAjigY,4,123954
O3dG8BjCjvU,0,3654
lwfvwOOmXqI,3,10366
3vahSEmr5Ko,0,2241
epy3Ebp2rEY,0,1848
8Fjt0KvT7CE,0,2962
cRObPGJ3BLQ,2,3209
zERMk_g5ans,2,3332
GV4WQvKNthI,1,4314
aYEW28tvuvY,3,10885
rIlS0Dc-dmA,3,20778
GsHzrpRYtaw,0,3283
16m00r8dO7I,37,44480
QVXOi1mNqIQ,20,10686
PbRp5id44UI,1911,39769
w_zLDl2K6ZA,0,1236
uRM_7g3aXM0,0,1751
1CU6EAxTlp0,2,4155
EZFn0h3G_-g,0,1316
gjepzNZ3ylo,18,21572
EJGFU4t6s1c,22,16489
z-ENoqmaWZ4,1,1061
OFiRxl4lv9w,0,1821
ZZlwD4-3F-k,99,718408
B70vcJzCrg8,0,1211
x9uBPGuR1MU,3,4024
2W1WkeApDWc,0,1379
B8D5Dl_cpug,2,6244
23o5KLH-seE,0,4715
_anpftxzG9s,1,8417
gnVM2sluI6w,6,22833
jz5zez0iCy8,1,5406
jAaJZnFelTs,2,3418
aOi-pUN4-F4,0,1314
NqqS2w8Py1g,2,4203
HGdja6wAz40,0,2259
ZNASxRiwNSU,18,46637
mkCiE_Dxmqo,0,4595
lqo2bADyo1s,4,3725
vydraBH8AbI,1,6954
2MgkeyHZ8Cw,2,12731
dCNUua7LmcQ,4,130468
5ODaeAKkJkY,20,17125
EyAeJ6WwveU,0,2891
JFudZZfQykY,0,1978
SEw6U8dez0g,5,1503
D9g8PxYle-0,42,160019
qrRO79TvZJU,40,99230
gaC8MgPJFGo,4,18137
FIUkAoyPcjU,22,44104
DYdHnrcJXHI,0,1155
DHvEOMAgvtI,12,27304
ANztWeteduI,7,13054
sqwOLIRK4xo,1,1151
z5MaR6ctqno,3,9327
lGfvsseQ_sU,82,168192
DeAONm7m1EU,19,3694
cE_8rMnAnKo,0,2742
amUmzBmp_m8,0,5085
yOJfpIGKqkU,2,5463
PgJc0AAPCS4,1,7637
knFqWAqBP10,0,1142
iib7q7UA2qY,21,12538
pQBOjL_TQWU,3,4000
Zu9ysblKvSY,0,1133
kj_9xd8hoGc,1,1565
GYFDTqX3cPw,0,2012
uyC_8rPMSC0,8,35000
O4Ic0-wm17k,6,33216
jnbWYrVplZw,0,6962
E2BmLQUDYqM,4,2171
X52Hmc-lni0,2,1332
UhpI11E_JaY,2,2064
RHCpkFFtc8g,0,2006
mB0pb2Pvtq4,32,76680
kDAnicZJ7P0,0,3181
iv5RhcgYlbs,0,1581
vjWTkWMVWro,2,1260
aSlOpWSjd5E,0,1467
Xy3mvD5mGnY,0,3270
7nz37yyqE30,1,1645
QezmDUo4kMc,1,2342
aHWydSJRp9M,1,5913
vixv7B1kCgw,5,2708
KN2UNrmj8PU,0,3868
rNpXfoPBfHU,6,9152
4BTl8Vaqz40,18,32343
6afE0Jml5NM,2,2101
UcK1sdCYJ4U,0,1468
K1CQD-qCHRE,0,47017
iOpoqZWkFkM,0,2331
RtYkkTx9hok,0,1936
CvSzUgs8x0E,1,3872
W7t6tqV6e38,37,51317
9eVoswbLTOc,3,12671
hirXEZQvySk,0,3257
847VR1VIDOg,0,3135
lkacDO7pQb0,4,15048
aYEUXMSbibM,0,2005
CHwdEfpb5_c,0,1447
JhIFykfDam0,2,18490
HGXyKzGfEZc,1,1394
nTDmJG14Ymw,0,1742
nQ9b5gnS_sc,1,1614
KmVNPJrmgQQ,3,2336
_yKaUk6q6JE,0,3434
aXgB3hR8C0A,0,3292
0U5GZvwbBLs,0,1617
M6pNhJoaPqY,0,4828
GOayjMnBrn4,10,50502
T1N_Nr7rwSQ,0,1930
vI5ECOvFokk,0,3283
nCKr_qUVSe4,0,6355
kWDLs9mVrlw,24,43556
g4cv6KgoyEo,25,3090
M3dZexprA0c,0,3154
8z0RgCz5Jo8,0,2067
6gh30fnuxI0,1,1892
DNz_OVuqTrU,8,2646
65kxXTBjuC4,119,104452
tJVuDWedVNI,1,4515
78qJPrsqyoA,2,8724
YsVRhBVdyxk,1,1477
F1NaswvIkJg,8,9876
hIPOjxa21-U,0,1398
EfeQi2lGWH4,0,1295
gDftvIOGB38,1,1743
UqMhmyLihqk,5,3818
MPcG4kjlg30,0,16391
iPlMQ4A6l6k,13,5067
3cbPap2aEOk,1,1635
H4nf9DVwJZI,61,134027
fuHlLC2RGjQ,0,1291
OHu7gRg1U6g,0,2078
aXPAato5g8o,14,12937
91rcihCVyHQ,1,1602
eOcDr-y1v9w,0,2373
CpIByRRoOgY,0,1552
UFazOmj3mbY,0,1511
CYD05Zayzgw,0,4069
60hFxNlwZJQ,20,5198
pp1cny8XGwc,5,11166
rrelwB7SptI,0,4034
bIk50ZbVfuY,3,2577
Kt-LifJGKGg,1,1423
kP2bLIUITs8,2,11271
qtrtdYHbDgs,2,1047
zgU0UqwsECo,3,2069
oJgCfXoGimE,0,8364
KsRkjUSqPE8,5,3750
Fg4GADCHT7o,1,1228
dzkqtE4az2k,0,3128
BcroVam8Y5U,0,40904
AynwGMrD92I,0,1671
d8HLyCRBf_I,1,5193
PF0JtWiVkFU,1,18783
Y4EbnKiC_l8,32,1259544
NwGhML1UWqc,4,8059
8bsMHijTgKQ,3,1173
Pmh3MX5FKw8,0,2090
JYlKCr9Plpo,0,1327
0HGISKX-jvo,2,7255
jnvLLWO14bA,0,1453242
B__k8NEfaC4,4,7094
oETxJUnMZWw,3,36166
XAuW0yBBnLA,0,4498
JSUngPLjctM,2,19841
4BVky7ZrKlQ,0,1876
qdjXxVcEQRg,0,1384
7FqwPn94uVI,0,12281
M0v58TD44Lw,8,4435
KPctCX28hos,0,1219
2bL1Puqqsic,1,2785
IQZz35NtJ5M,3,1174
0Vc8KgmBdFc,1,11412
Cbo6NQdtrhs,0,3037
y_OyxTUZc1g,1,2665
QVseuyIdcmE,4,2961
lDUq17mWeaE,2,4459
ZsoIDtGgM_c,0,1916
k9oJOn2j1LI,0,3304
jlD0ZIaoVhU,1,1589
lmtfylrFt3Q,13,98440
fK30MmExf8Y,0,20093
a61xt70iUW4,1,7122
UgCz29IfqNM,0,5313
4YZv-Z_r9G8,0,2206
4a8n9xPRv9c,0,2180
DsWoLUGMG4s,0,1824
c9m773gA-FM,1,15964
ENHvygKf97o,1,4554
kOvqdgkF2Tw,5,37614
RmuXepUq-U0,1,1371
MlAMWA43N8Y,22,17352
08xW9P-8wGs,0,25381
epJr0Rpb4uk,9,18589
HYGvzGLILmw,2,3520
NTlPy-6_t4c,1,1237
BPiBF8cC2UQ,1,2775
xHgdhNW7zyo,0,4332
srmAp7xXKyQ,45,154588
WqcFkX9y9s0,1,1439
KK3cxNvlV1A,1,4819
bOZ5JI13syU,2,22637
_cvUG4uQ7hE,10,15678
Vl0f3_npx1E,0,2038
eg_MQLcBxEk,0,2265
w3sg5yX82ag,5,20843
POWOaOBWS2Y,0,4314
NFFQ-lkJTSk,1,8659
6iyQv01A3ps,0,1563
rWiNbskw25Q,1,2378
2a1DIXI8N2c,0,1419
zoPbmph-buk,0,3204
8nPadP0l0WE,0,3520
R8ai6MJuh00,0,8007
cb5LTa4OGhY,9,16826
54Wa9v5fyfY,9,40296
fzMASQ-bk8A,0,1520
AZZzWhGmxP8,10,5927
gapI4izwxKE,0,3820
zHmVGE_6m_o,2,5974
dNUkJJVR3oI,24,103930
x0RiGQCR8sg,1,186574
VW3S7edE4z8,0,14428
Q1nYonexBKk,2,1344
Izs_8pYRXCM,0,8515
Z602uqYa-Hg,1,61882
0E6gm6jnuec,2,1502
iJbN-9r5e1w,6,11481
0huQDAjELl4,3,6119
bMryVVGE4Oc,3,3568
TTxmWQ105GM,27,90161
okrdpQWFk7U,4,2291
q1YYwjxGgqs,0,2468
sSqkNYWMCqA,0,1764
r0d2RdRGusQ,0,1377
TTc5PHsoq9E,36,50732
HKzNhfe-LSE,5,2333
8okqd2CPLqg,0,1632
50DV6SK-foU,2,1282
NWOpz3WxxTM,1,1654
Nhi6rDhiebM,4,87102
10GPEbLboAw,5,5956
uxCEGRFcThY,2,5606
upOk561nHw4,2,10663
mhMIaZ2vI1U,0,1721
n3-lRIV91Fc,51,42667
zUelm5uGNgA,5,23239
Uwf7eMurLPM,20,6600
vATrSFihLpg,2,2125
RjF6wRjf5Hc,2,33801
0gnRzbLVkPc,0,2546
CMkuWgfEBEE,0,3721
Vx6sE-B4Biw,9,14448
1kDdtRlX7dk,27,20207
1qoxyfddStI,15,5054
PQwCOu2_Snk,0,1239
MJH13IkXB7Y,3,22788
FeetVAgeW-k,3,55032
07lCYKalyIc,7,17736
qMezQ-woIDM,2,1273
RAsAe5fdrJQ,0,3706
9aJIM8AKg0w,3,18467
o0a7byO4xmg,4,16730
P6WEcuaTWQ4,0,3097
uJ6-jK99lo4,0,6825
ie6Scn4QKlo,0,1824
dYa9ioXH5qc,1,2433
ypXpjomuCh0,0,1821
pQ9ueXf6bSE,8,1765
ruiAU0dNvAE,3,1293
DFh7Jz26f28,3,2763
aj5BtzzP8mI,1,1472
dQww-6XxZws,0,1506
fsuDE9ZCtks,0,1735
_bLhQ1mSYfU,0,4810
LUBQpkam7i4,8,57657
ulwOXrNEOwc,27,10893
6yHkYFDo7JY,0,1353
04T9M4woEWU,2,7031
PWdD7Vf_N9Q,0,1124
Y9fP95P2jHo,3,8517
lGHTmncl_EI,7,8819
4rDeSd3Ni4w,0,3292
rOSt0P_9T8A,0,4277
Ew5eCMaJd0g,9,2423
dNuWQe2Tg4Q,4,6096
dqTJQrafxGw,0,12445
PEV027X18Lw,1,4810
WhCDY_tuj0o,0,1329
Xk6rXnChlA0,0,2035
Yec2acIslTo,0,1367
VkVauUoOgmM,3,11469
8vwAitiejRI,3,4441
o5w-pSANVws,17,3648
k80z8mtJd_Y,0,2144
b8fkSjNSfeQ,3,1749
zSgTPgxjYnA,5,2641
3-WmovihWFw,1,3572
eSM9i3yKwiU,2,3472
iWd5B9yw7l4,1,1339
rV6l3zh6iEs,0,1252
To2FSZ2dmwU,3,21325
wKTGQqoM7IM,0,1503
49DuIlYC_Xg,12,20752
NNmio72ePRE,0,1897
MQisFUkEW34,6,28941
GZb55wsMsuQ,8,1659
OaBWi_YP22k,1,4636
z5mHeLNtJWk,15,6735
HbpkvIfEETk,0,1299
r55qF_ioga8,4,3291
Z2C91GbJPPo,0,1449
DN3Iu1F0I_4,4,4272
ZB2Xs3n-mPw,1,2313
h-yYlBCHTS0,16,6849
8Wq3FVqobCo,19,134898
gZy9bokVyLo,2,6303
qBxI3TKqQ5w,0,1230
Qq6x8MGzID4,0,4480
hNUoVILrq30,0,1485
mFj5VZfbL58,0,1192
IM0c3svWJlM,17,18401
VL65yeTARxI,2,1626
Y9avftg61P8,0,1938
sV9KixOaHPA,0,4250
PDTdX8zOu_0,25,1317942
GoSyZX_Dj7E,39,240189
mMCr7bLIUEY,7,2766
hku2EjvKaQI,7,86152
4FeKV8K7r2A,2,1259
onsvww00jFY,3,4732
4FY56EG_w_w,0,1376
wOSPEWJ0HNY,2,1584
8j5cBWyqWKA,2,4276
VpxBIZrw-DU,0,29217
NJFqJuUqmVE,141,364294
U9ca38PLWJY,1,2386
P_rPBQHKbx0,0,3710
wpiXgm99Aig,1,5377
jv3dsV49tm0,25,8797
aohJhO__Qa8,1,2346
tg2RNda6WfA,4,7734
oO3Fi_DRs2k,2,1424
cM13LFNQfE4,1,19227
p-gxqPOEm3w,0,3949
Z8lJOhLlj4g,1,1434
Y8xpFT_Oaz4,7,8159
KMRlJoqvH30,1,1208
_4qE_3uGAC8,9,3038
7TaD8olP0zQ,0,2716
aijRALUnTGk,0,4520
IJdCXKm2EhM,11,2926
pD7iIpK4CeQ,1,3844
igOA7GR_R1I,36,14528
I31aci_ambk,4,1503
VrXcadkqH30,0,1118
sLyjXtB86Ps,0,6477
1aZM9NQFAlQ,1,6683
22sBa8FqgLk,1,2636
zYKZ2tWnzfw,27,6322
SZv6sndnXC4,1,23660
s9xKZ_CSuIk,4,237584
dnyiG323mvI,1,7394
za-z16VlEOg,1,4122
_LMkYFg5vIw,6,78916
hlFSFLw3MDs,2,5219
QJbmt-Y_B3c,1,2491
wXtEeQZW2CA,1,1809
QLEL8lhGvYA,0,2333
gsDMceZhdxI,0,1262
cUzrXkLob_k,5,6404
uMiQk8Flj10,13,102822
vTsEbfwtcB4,23,7481
S0B2kMQqkAU,0,3672
nWHNNg_UI7U,0,2133
7agTeayry_k,0,11191
UGqv3DxwemQ,0,1584
d8XNk-jfZxM,2,1968
434OELPkKps,1,5753
tMieR2oL0w4,5,16869
vu5j_fNGxdE,10,41763
kVf39cA9bn4,16,64338
js6dA6jAefE,27,50453
6uh8i0OdgVE,16,8618
sqgA65YtMHw,3,22466
UI2HZo8cdbc,0,1275
aA8Q1K_cASQ,0,1143
jO87RBuaL88,2,3394
e-mjmkKhutA,4,9322
7wyZ0LZ4lDA,0,2678
DYjLzmFyvUw,2,18036
aTUMGnusM4Q,2,3119
htDgVil3TQI,0,4647
tlwe1NDQ3Lo,0,1762
B2W0gqJpkck,1,7643
vjVh_kR5Dxc,1,1625
465wQT5qXAE,1,5863
b9JUdvg-Y2c,3,5123
BLtANAgKeDA,12,1147
5ZwTWcy1TGM,10,45186
7FZ_CweSd4c,4,4781
1sTHneqo5o4,0,1622
mwgmrtn08Fc,13,60431
gaBwQ1MD8Ms,2,4043
h6wO4MAU3qY,0,3760
5dSvczMDJlc,4,4583
tTG3eaYlnPE,5,233783
0S_KxVt0QSk,1,7847
EWl-eOJ4E6M,12,1771429
nhyeYB2MDX0,1,2121
pwk0fZqLbIc,1,1729
UKjSQpwW_nk,8,7900
xTg30Y7e5vY,0,2080
PMzSSL7qBZs,1,6234
RWIEPdGmiGU,3,21744
G5gT6wT6Pzo,1,1635
G-8xJswu6Ds,0,1771
M4ooI9egWwI,1,1486
TyhOIfbFSnU,0,2978
dYk8LeNWs7s,1,1518
kMwusjUcnIY,197,430406
Ng85PdOErHw,3,16442
c3hBA0CaTEs,10,8497
tPEmmuEtbPQ,13,25485
0hVSeQPtvoc,3,1352
CsvE-AVUepw,60,1483
IWrfEb0Mwh4,2,2845
Y6U-BVsu-_8,1,1748
Irghr4DJ07o,0,2676
QUFkXiiuvOA,13,8821
byDbjHFTtQ4,4,1726
CZg7Tv9W-sM,3,2210
kt7V7l4dRPk,1,18960
E6Lyug8G_fI,10,12789
wLDmZII5PTQ,0,1729
c3Ji92u5tfM,0,1730
BsrxtnNDYyw,14,27893
sM4Lu1bsWAQ,8,16086
IHwgaTM2Cdk,5,5734
LR1F4cjbSI0,4,1658
fje8o1n-b9c,10,4707
46eJ0w1Fm6g,1,3384
WE58Vcg5m4k,0,25984
PK-rOEao4Yw,0,1227
jcsbhhl6XNE,0,2077
9OuhnhPLhNw,239,440104
5KqahY4RnEA,45,26376
k2SRmd2c1xg,0,2726
soQZEYlhrMo,0,9694
eoV8ZSbwD7E,0,2695
asBSg1FqND8,12,5726
jvcVSazXpNE,8,28057
iY70RwHov4c,0,8169
kov2bE_wI70,4,9793
oy_s6IKtWuY,2,2672
ZClwtHRXjJY,0,4656
JYnP751ipt8,0,3222
Xhy4uzqFADw,25,4828
ZoTbLYrlZFU,5,3731
V4ZZCWTJpBQ,0,1985
W-b-jMD1PZc,1,11468
4WfL1R7JpO4,4,6941
oy5DIS8LDjM,0,2830
xDv0rRXtebc,2,20313
sfCcNZX-yyg,1,4267
MgXysGabonY,1,2429
9iYOyYi5ZvQ,9,23949
Fzway36mquo,0,2359
l2keAM-AniE,77,205232
as36HXpUFf4,4,1663
55VySuX1dzM,4,2443
CB1FlL2sgC4,8,18554
7XeYxIJpn9A,0,2018
TdrRcyAPBJQ,0,1243
WqDTkui3Tig,6,13528
FwiTmEQV0EY,0,11909
dpN6pdxYJsE,83,121121
QwXigjibWrA,1,1519
V265fFXSDvU,1,3271
tMbqFPmtzrI,11,10952
zVPFibxarYE,0,1051
UgZBT8cuEB4,0,5776
x1TmxETteKE,3,2406
7d_hLwlL0VA,0,1137
gJcfTXeJYG8,6,18102
Mjm3PbsR-Ho,7,1371
S3GuiVBvqwM,4,3637
BdejeYIiqxg,1,1602
RynF3rkzmQs,6,9375
H5eVhi6DJbE,1,18326
mr0945-lYAA,43,4939
SrZiiSspUds,0,5546
7HHHu9SYmmI,0,3389
7kOuKdOYTFM,0,1640
Bq6EgW562lQ,4,5129
UwYsQf7K5Fc,0,5089
vnOzO52H34k,5,4824
Dh34wxxn-CI,136,53901
PFy4F51OEMs,8,7578
L51-u67zJ1M,1,2376
jsMPUDkxg-o,0,1644
cxmX-keCNrk,0,7183
b3_vL2E4wyc,0,4684
WnEAz47B4g8,0,3007
VZQy9BV4SMQ,15,55340
bejq_OPM0Uc,1,3399
cOMXsDi4Zh4,2,1619
_FY0mAnkvts,0,21580
ThzMslulBK0,1,3847
hvRBPzGTHfM,17,53211
EaNMkZ1vHHA,4,2993
Eg2wGhxrS90,0,1375
3-wNmLXXD8g,247,752276
7De0NHGza-c,0,7981
O34Tl2VL76U,0,2425
729aJVwpX0M,31,59451
F-yfC122ZNo,0,2084
P3i0httsrOE,1,1529
wYmTVt4pLWs,3,3509
4U2O9p_uNwY,25,60267
KiOi4yD-hKc,0,5417
g-VTAoTr1cU,0,1171
DewzNNkVhf0,11,10196
JsCY-YDJqzs,1,4381
lphnTFltCRI,0,1888
wLsOoF9Rm5Y,2,2067
uIV56N8HlPo,9,147060
vjSqvSjL51w,0,1134
-5xaPBeO_Os,26,56951
Ii8T6RS3EKk,0,1315
4l8hg1LGgh4,0,1784
TaOxsyze534,2,16441
2W3YqQCTsG8,13,76314
stRY9gXXsLQ,0,2964
yis_O0x1pyk,1,1221
nnGl8J85AQ0,3,1331
2T6o-ClXhlA,0,1155
OT-hnpnLkKw,0,4203
oLeaU7QX9IE,0,1451
oCYJhvvJ4ng,24,3194
PJnfpvk3UzQ,9,48702
KM_UqEtHcNA,0,3344
QEg3uXP5_GQ,7,151350
vojiA3uFmBs,5,9414
35icjipKdLw,0,4346
RfL5iR6Dn60,0,1152
gb7XgnDobRo,0,2930
w9_Kkdv1sYM,1,2236
AY_W5ve-_-g,3,9574
40QTP2UtVpA,0,1170
TI6ICtuEQw8,0,4322
QUxbFgfJUqw,1,3940
flSJzMf_25I,159,78222
cDgj9GvT3HA,2,1661
OlBiP5R1dcw,0,3127
qtiSB6CRtrE,1,7701
tgooJ4kZCBk,4,3582
tJpFRaQdWnY,8,6046
Sa99joWOw2U,51,31819
YHfIQvAlFCw,5,4205
72meRQJotp4,2,2771
ifu-JOx8vHU,5,3649
bOqldtAUeTY,1,2641
1LlnhhirfII,0,3263
Ic3iA_AauFo,5,3040
QxDLykmcXyE,1,1896
TcJPm5DKLZc,0,2882
DLVuKKRX174,4,48786
bghfUB9BfL8,3,2221
o33-upeJOJo,2,1849
FkJ2ioDUZJY,4,3682
D8K-qmtf8Gc,19,40663
9GFUmKlu-AI,4,11157
0UsL6R2Sd00,0,8759
dA3Qii5trgY,0,1698
d4ydjB6Gf5U,0,1330
OzsCHDQPaag,1,1605
6_DSZhhy2G8,0,2528
DmvPr6R65rI,0,2114
0Dz8qIJHyYY,95,160404
3pEasn29w0Y,6,2582
VQ0gwbbC0DY,0,8524
9FN9CgfQqds,2,1287
vCnEzLJ1Mj0,116,310002
SY5qJJGkyTU,0,2487
vcdLRjS_0Uo,12,10295
qBuyjBfZ8FU,1,2960
liePX6AncTM,5,1406
8klzcXerGf8,0,1245
3ezMjCCH3_w,0,3734
OLfBC6SoRsg,1,1727
35Jl8j7SHC0,42,144661
PiCe41hX4ks,1,1793
rncSzFsUkwc,44,3092703
-2h4BKcBMK4,18,17851
Fcd9p7r4NUI,3,6991
4Hgtdd5tl-A,0,3311
I0RhDqi3iNI,0,1281
cfC5bU-21a8,4,33836
IL-Gt8LAcok,22,25007
qOMrjakq3rQ,1,3372
ntJG4_0gBas,0,2139
g2COCsdPJB8,28,32360
GSVpfhP1AZ4,1,1744
ufP9-iTITGg,1,1828
lZUlmrRxjRk,2,22772
ulLL7gqT7Xs,0,1467
PoRIyaUsVhQ,14,6628
8-a4VnG7Of0,0,1656
kXZN5kKgtk4,2,4465
mCNsBSTqJrI,10,3073
PThGKjsjNCg,0,1508
R6uI-91SIrw,1,3323
VQo-bFE81bI,0,6205
um-b6f_YN7U,0,18975
wxDq8ItaNFc,0,1050
bxzQfF6ETHA,0,1454
SbmOak7zhM8,0,5104
Zisu0Aiw-EM,5,4803
9d6WapYGr04,0,4436
fZykbtE5e10,6,29418
6jJiG5iYUiM,23,7504
3xkfpemq7UU,188,412443
bhbzTvwINIc,0,1481
jkPsjW0pARs,7,14564
dVUIuMSQaIo,7,5811
K2IHA8HXP48,1,5116
dgNVwSrwC3U,1,1739
zFj_0a01Ppw,1,1838
D3lls--5utM,0,1507
TY0XLgck_SM,2,7895
eUo55LS_Kls,7,10648
YHAmXD_UZIM,6,5047
Gz-DXHTQGH4,3,2024
GennzhYAELU,1,1411
ICtbJqxvU7w,15,7285
QFUrFDol0bg,2,3953
50GlCNd7URM,0,1376
h-L7XCmGJ4Y,55,263128
QQoUHlgW2MU,2,1608
ugWEoBhSI6w,0,2095
QhImaOPV8ww,0,14605
3SH8VjlH5Wc,0,2834
Fl-Peg005OQ,5,5804
I_HzvXopEdc,0,2321
zH8xp5lvmfs,1,3492
XXQ60OEPiL8,0,2079
vpXhQUDUGN0,1,1885
M6ic6Q1tPl8,5,7586
phtvYrFS5P4,4,3308
Dnt70FYAG2Y,2,2154
_rLCrc-HkeY,3,5833
62UeXrovi3Y,4,11088
BBxOfEsFGAE,0,2478
zS878FJ1N74,0,4650
ZJb50xQu-FA,28,17434
YSCxbRSv6Ys,0,2011
cIeyp4kRdM0,4,18539
iEn-qU1ZISM,3,6318
q7OyNBvnm2w,0,12147
zAlukS3lLZ8,16,2530
C4WfYI9Iecg,3,1146
fWnM932pGI8,1,2801
p5aFIjboDb4,3,10448
FJ-UyI8XgaI,4,1434
LYe9cv1ukkU,0,1672
Zd6xgigdkIw,13,1503
8sP0lSEe6-U,7,6338
guZW0bM3XdY,0,4703
w-E_3lITNuM,16,77712
Pr6seqoMRnA,2,3452
rzIjoM0whFE,0,1687
QKLACNwXAxw,2,6003
w7ZuQ7jaNhw,15,53682
eeC90hQ7KOE,4,7700
VZsQYilSokM,3,13697
3UEkEnk3n2g,22,49800
EEy7HhEWMkA,1,4740
txdbSS1bD2Q,0,2350
y5DPDDHw4bU,0,2166
66ul1HKHbuo,0,1773
j5t_dT7gKz8,0,4121
dZBWJJkju28,1,2755
T4LXsisv2z0,25,37302
QtDK9FZmk_I,0,1824
pObd-uf_kN4,13,4229
gE2W2Gz98b4,1,5308
D8tPRR3AXb0,0,2832
g-U4orf1iZQ,2,13820
JnA6J9P9PZ4,3,3051
vYJppGjevzk,0,5013
XzLmlEYNyCE,0,1892
Yh_b_wjqXRQ,7,2741
R76LnylA3g0,1,2964
oKpG4m-Ovs8,19,259794
aoRPG1Mm8wU,0,2156
ZZjEfbRCe6M,0,2519
0NTMV1iRs2U,3,2241
TfCwssLYiDA,1,5133
oP9onErMIHo,0,7528
f2ptrENnsmk,2,9199
TlHIQa4sOFw,1,1903
uTjRMkTk4Sk,0,6182
vUPpLOeAfdQ,5,4359
d2JxCi-3LtY,6,16960
sOm1WgoLW14,3,2166
JZ1vOT_OOLE,3,2403
BcOEmjlabfw,3,6587
7zFavMsg49A,39,47410
IvGN7VdvHMY,6,15739
Q5Xirfw0vBg,1,3591
wkTcnZ-pn0A,0,3421
sJGhRFwHdQc,0,2625
56XB6spPDAk,17,14050
tKQc7zFcCD0,142,241139
970Sp3Yyhek,0,1738
N3X1TZM3xjo,11,4863
FP8iFu3jXS8,1,53747
vplH71jBwaQ,1,2789
KpklnKWGE_E,0,5031
cC9tx6SvYoU,0,2491
lEtzIBQG4H8,4,4082
YFKm2p_9fgQ,0,8625
lK4sKgXggIg,0,3024
8OXywZYx8ZU,7,8224
Rp8Cr8UtgE4,0,9654
mSPtzRJ_udg,0,1453
cNbDnZUcUgc,7,11540
NHkSksVqg9Y,0,2077
L9J_0KwKZdc,114,210775
qkxiVW2LmDk,1,1794
-0i7-ho5qzM,1,4474
rXfBVUp0G58,1,20539
zJNUhVYCono,0,1439
xjDJMjDZJn8,1,2916
FqypGO-d_jc,182,1711509
WNAKatZQx2Y,21,5399
BODzul1XbaU,1,4329
1qxkJfgVl4s,0,12641
SMSDOdu_9eY,0,2036
RSZCnAe14ZQ,3,1245
l3VtULzizsk,2,5118
WS4N3FW388k,26,22829
L4SkgFnUU9g,1,5138
Vc2H2cJNxoQ,3,2965
eSbFb26WyEQ,3,7365
5TKXjVhl20Q,0,2382
rkU8ui6cmT0,3,10705
vU9OGq26kyA,0,1169
rxEjl3iISi8,0,2120
jifzQtpsqsc,1,2784
K9ZeyJqFk70,19,22809
b5rNf4eBZ1w,1,3969
tUD1QalmHGM,0,3139
RmkTTbUR99A,10,6390
0VGNUyFnv_s,0,2272
lFeZx6Rb8QI,0,1230
o3bb9fUdYD0,0,2213
FY4WPoIqyGE,1,4672
C_SYiSneg18,0,1638
OMUIpVWyNh4,0,1633
ism83ACy5Sg,0,1679
NnfoohaCmGI,2,5687
pK2Jwq3gbW4,12,14699
tyTB72cyYX4,0,1598
r6Zwqbp0XH8,0,2782
SxcFNHNKpac,181,184427
iHZZTX8Zv6g,0,1951
tCYbSeZLb1s,0,1836
99QpIDvE-Yw,1,3005
34OT1cJIHEA,2,6228
jEsqzD8fSSc,90,31813
82umrr6PXdA,30,3150
vXDN8RCVbVk,1,8785
H1u1LqKP-X4,82,114294
5jX1p8RyPG8,0,2462
k9ISz07XwPc,1,19341
X71CwxDC_aE,3,3143
3AjWzp4h-LM,3,8465
YEPd9h7lYos,9,5894
ZR6QAnpI2Os,0,2421
vEBx_3Z5fx8,24,125039
pVEPnM6Wtps,0,1332
ZQnBuO1Yb4o,0,1528
hW_GwFrgKmM,0,3377
yLISsUP_b60,2,3039
F0LsWzyD3EY,2,6091
vGxhcvRFh_c,5,29709
6HoDsCR_s3M,2,4618
gun-bOaPV1w,1,2578
eIHFg5S2_z0,1,5085
x_mWplTUR-I,19,10413
MKr2OLqIjmo,1,2255
Wdox4wt4-Zk,1,17985
pCkCXQT2ViE,1,6982
JllhjnWt-sE,49,116908
o3Z5lq9d3Lk,27,154833
9i66iBPCDPI,2,8554
I1JgUtP22gs,13,8573
mOKAg9Hlkvs,9,2043
oGbu_2Ie_1I,2,6315
go9P8XPvW2g,1,1771
qu__IVCZW7c,2,2447
MtRvNUCoMoE,0,11005
feTD7j04b7k,0,9377
YKmcOI8efT4,8,18801
Vzx-_zFihUE,3,3812
ZnDesVSranY,0,12647
YLxrQUqN6_8,7,8941
KSgXdd_3Ka4,0,5425
XJ91ME-Ymm0,0,5216
H4BHNPrpPsk,0,1644
zoluO_4WuZU,0,1347
3SDGZ6CXwtk,0,4146
PGMa3CrYXro,5,4443
_Pye_4CzHBU,0,2404
zMt76KlnbiA,1,1786
xYZtceKWo58,4,4288
CEHDCBmZDSU,0,1832
r65uTwU-Bo8,93,63388
qudw77Oxg80,1,2854
IEuT70r-7-c,7,22020
M9UhI0pg_IA,0,3163
di3lQbVfkQA,1,16690
rxKm7TzsSzE,8,82639
2W-B_qJnYWE,10,4138
7txZ17JIJWc,4,4340
6me9iP13zew,8,107055
U10lTSVvDQ0,50,65949
AKieKDRIDnY,0,1984
kGc14MEESf4,0,4976
Z15Kg4OtWNc,0,6250
U_Ck7PAGhZM,2,12615
HlZkz-yt4Pg,3,3770
nWnFzGXk3y4,0,1787
cP2nw7QYbwc,3,32252
ZmsaZgKHg_w,0,1990
FRv1yrhezdg,0,1624
efrts9WWDAY,2,2078
gzykLUWhIuM,1,3005
wMbK2ZpmbIo,6,6246
OyRurVZYCO4,1,1280
8ZboVZkwZFI,17,3064
y34vcv-ANQE,1,2519
bOOP29p7nQk,0,2215
3xs74sV7g6o,23,4948360
rmqAf0xNAaE,0,4678
yniyCTapRNY,0,9347
0Gab-wo56Fo,1,10058
48GacPr06c8,0,9326
zb_WYGtZ7K4,67,158595
Eh2W_1efFPw,2,3372
ie8CH6ZZG2s,2,15979
XY6ig4hVPhI,7,45713
rgyjso8_Y-I,2,1453
weogn19puqg,0,2919
zYaEVNjNCaY,1,3160
4u-k2fnwpH8,0,1115
v0M78rIJAko,0,1282
13ICSYGMw-s,1,7619
CAdFDIAO6hw,0,2695
LdYzPayx8v0,0,2526
ziDEKbUk4no,2,2971
fz38UGSJBCk,1,2835
Q80MU7_zKYc,37,7450
nx-shtR8A-M,0,2377
KtRoGxk4bQ8,0,17409
lM3MwNWQVuE,0,3387
A0dJKOUQzR8,13,35415
xgtZDpp5UFo,2,5785
Aq3cCMGR6HU,6,3229
7hVFqZTtnGg,1,3314
V62F_LRE130,1,2688
xGfkztnkr-c,0,1460
Omflu9u91sY,2,9270
VCV4_8uMWkY,0,1405
m8PLup1xoHU,2,5620
f5VDzkJc73E,0,1333
AeMDHXCDDDk,5,10707
UWAkVDtVJAw,3,2164
mVEl154Btmk,8,7257
SxDunEK7a54,4,1085
QowYYO2O65M,5,25106
BVdQvEc5xm8,8,13657
QVeqzHCXD0g,2,4844
2y9AeKe6Ztk,11,383879
uies1KwcBeo,24,51232
h7r7HhhrZSY,23,10929
0AyADB37Vro,8,10711
RXUueYCu5As,3,6389
L8ZzrcVvNoA,6,11690
C-iER3k6QgY,48,3535888
nyb9vePSdQU,0,10082
lxBcsuhY9ec,1,2728
ZxrxDsOqQ8Y,4,3498
2t5BkDbq3_s,1,1229
bqKpjGZFqmo,10,4419
hPyzwuyGpVQ,0,7033
0fHi4ECIclM,8,10319
6KTHt9CU5SQ,237,365160
WfYMFb2mz5A,15,65546
MogtbV_Rp3o,3,7901
qV83BAkVTjg,12,18683
sTAg762TRJc,2,2460
YhKOU1SAEFE,0,2703
N7JfSlwbMAI,8,2364
FkUzLoPWncQ,3,3724
O6e03-LPvJY,0,2306
6d6nSZnv2IY,1,3012
ogHTHIYZq80,55,83625
P-k1NZof1Qo,0,6984
99_-iVbOSII,1,17132
RAAxEzWfnjs,0,1773
a35hPnBBlxU,2,41677
Ory7RT7qDiY,0,4485
qnS2_UHaXuw,5,3321
cxCWsPW8ah4,4,6185
O7wd12Qg7q4,0,1491
gD5FdOgn6e0,0,1106
kfTGFrAiRg4,0,1571
mqm2ebKd7QM,9,39167
FLa9ItAaTQQ,0,1105
XTEac42RxXs,2,53928
w0J2z5RDElY,0,1432
ArpUpKzdmFw,3,3492
5wwldEGm0KI,5,2854
2-ceGejwYEI,5,8219
enI4iJVIfdo,1,2190
T7bzYAH21k4,1,4038
c-182S4a2fw,17,12485
v30lwpCnlsk,14,7416
Sf_lH6xniyw,1,1981
LmJEc-Ec2HA,8,82652
JpH5IZVKJ3g,2,6159
EYv3rTnXkJ0,0,3789
kIUka-lE2ZM,0,11434
fM6rf1uGEiE,0,1384
hbnzzFKhU3s,0,1283
I04mO6J1Umo,1,30706
HTLf0LHJCBc,0,5086
ATY-5rgeh9g,2,1494
2pSSAr7N5vA,0,3886
BlJlrqe6OHQ,8,73481
NBfi1xHX7Ng,0,1222
P4ee8hyjz-s,0,7066
WEVG9hE45Vs,1,7771
PEPA0U-ABxg,0,1661
WFJpP9gYdsk,2,58611
VXTqSq4rmo4,5,3767
TzOjHul8v58,5,42221
nce5pCIY56w,9,14705
udMTLN4FqGA,0,1904
fYkLcVTz34U,24,16899
bHfthzLIE8o,0,1956
zR66fVZ8qJ4,0,8194
3JRTLuY3KEE,1,4139
Js_m0lIuErg,2,3651
ZhOCsXDjSCw,3,6794
IiRazrAB7DM,0,1252
6LYoY2RqFmE,0,5399
unIl0T1h0Xc,10,8359
RdbSYU56NEo,8,6139
VAE0j-oy5eA,2,1215
LqCoJ2IMlF4,3,9624
9PjwVjX_btQ,2,15657
4bM6_BYmue0,1,2429
DCUrrLmosPo,43,201165
D_75P0PFaAo,7,19291
8MIob2sHIPQ,9,9127
a1C-OKmOH1I,1,4488
wS8R1hsvoao,0,1445
9Byc8621ZT8,0,3168
z3jA-i8lVeY,0,1352
RJtZfsM8tIY,1,3779
1R5g1_6JdTE,0,5740
B8iB_M4GQd8,2,9239
_xs3D5FQqoU,1,7844
mhSt68bBfdQ,0,3882
Xt8qn7WGtMg,0,1487
GgDZ3mdmfWQ,10,28380
vwqTP2mtJo4,13,33926
WnvfV5DrREs,0,1618
RZZrRsx7psE,2,1508
WiZbqJ9ASbM,10,117017
BVZAvL-XKt0,32,1497
h4ZEfiBfuEQ,56,47735
pVZcRVE_wk8,1,1087
CZtD1sn_ArE,0,8597
uvw_K6gOhhQ,3,2481
Fg5T4xWLiQ4,4,9013
pyxOSd6ohdY,107,8074375
_NfZ9XtcZM8,0,4369
BbWeVMWptig,7,5458
06OsKSWI3IU,0,5923
0AU6fF6Jc9k,1,7514
_1TC1tp8FPI,9,8475
Wk-0ua3sCEw,3,1625
WzM3R15QnqY,0,9020
NY-xlvVH0_8,1,3805
7n0pJvsxVv8,52,48603
oTmPU89Pj48,0,1668
q9lv3s8J4Y8,38,75879
WUx7DPXCG9g,31,222774
F3hsPcavzPo,0,2283
MkkW4aOkWTQ,40,11249
QF18rbGVDjs,0,12718
6belKl0jfM0,9,1769
8a5V8W7koTk,0,1405
8nPdKVaDw3s,18,3984
kRLI7hQ5EG8,9,1931
CqVqjpJf0Bk,6,9643
apYgHWhqQYw,3,3490
zeci4umMQo8,20,3663
liHqGroNc2c,1,2560
vVuN_ma5wq8,0,1220
3EztRvRxzLU,17,1723
msQdrRSmOTk,1,2733
XfGgNMeOejE,0,1382
aOffmuQBZa4,1,2426
CIXGXqrIkDQ,0,2926
TCJ6TNp0n2E,0,4841
4mTuduy9zKw,5,2996
PWjGo4kAX70,0,4017
DwMGLdS8fvs,6,5809
X-mKxApEj4o,0,2610
cWv_mz1qPlc,0,6732
7GqWzdA_Uls,4,42789
4zClCVts9sU,0,1137
8fUj9Fsscz8,2,5621
aZEL3XBXTf8,14,44358
p19_xrClYT8,14,24514
CYSZFt7kRmg,3,4292
NEpWxE2VCwo,1,1707
On57oIzd10M,5,78152
IOI8BNO0de8,148,44811
nC7-wRWZRyY,4,3892
qASW35aqZBY,0,1093
q3Y1k5SyFE8,0,1587
QMudYIiX3Kg,0,3432
3wPrVMlBfH0,4,43301
z-HBzWidxfE,0,3377
wRdq-f7ipi0,1,11282
3XPDU7KR648,1,1405
v9qL8oU8nOs,1,12900
ydeaLN1VSEM,0,2297
jPwF4RJ7rYw,2,7579
myfxjo2kJOo,0,2379
nEuBzVFRrdc,3,114255
HP35xrxb_lU,437,402228
D5YvfG07PZk,1,1868
QGhPAVuIhLw,13,60747
qiGHai8py4Y,1,6809
NpX7o2hDHek,4,4628
8y5Sg5tjQDM,4,2418
Al5sHDLRfQk,3,4277
XmGm7XDq0i0,2,1818
4yH6sixmhfQ,0,2173
xigKUmBEXEE,1,1345
ByR4Sdmmk98,1,2332
NctGBG8Rnx8,6,7103
Kpt-JheWop8,0,3502
Oftiq0hy_xM,1,1602
FBlTa-3xf2M,1,4211
Z0C-pwV1lZc,4,1270
JJlSJokQE4g,27,261335
VX-7YNLQHPQ,1,1282
Y6VopgzXg_E,3,5573
1UswWXq9VHQ,3,8337
81s5Bt_HTOA,0,1251
gMS4CXIqJ7k,7,12474
ONljy2Jzx2E,0,3546
MIWbW0sYc5c,5,2350
0OBmqOLeJ58,0,4763
bBzmSKHAmLc,0,3003
q8doJvQIeVc,0,1173
c6smL_rliYw,16,18436
A-fK3TN4cho,18,31802
PTAsW__xIZs,1,13026
